x_index,fraction_index,leaf_path,subdivision_depth,x0_lo,x0_hi,fraction_lo,fraction_hi,admissible,forbidden,resolved,completed_returns,requested_returns,status,event_type,event_index,positive_return_index,tau_lo,tau_hi,clock_lo,clock_hi,x_lo,x_hi,xdot_lo,xdot_hi,ydot_lo,ydot_hi,transversality_lo,transversality_hi,R_lo,R_hi,h_lo,h_hi,event_energy_residual_lo,event_energy_residual_hi,speed_squared_lo,speed_squared_hi,energy_graph_residual_lo,energy_graph_residual_hi,event_scan_nodes,solver_step_retries,message
63,0,r,0,0.8029177098061796,0.80291770980618049,-0.90000000000000013,-0.89999999999999991,1,0,1,0,1,validated_outer_limit_outward,validated_negative_half_crossing,0,0,1.5455061997884532,1.5455061998057404,1.5455061997884532,1.5455061998057404,0.83563462125456001,0.83563462125690657,0.12882206647020555,0.12882206647701555,-0.063765073817581466,-0.063765073809876532,-0.063765073817581466,-0.063765073809876532,0.91413052747108281,0.91413052747236623,-2.3916368938607162,-2.3916368938607122,-1.2962297901708553e-11,1.2949197270017976e-11,0.0014288269200492484,0.0014288269200496185,-1.8561541192951836e-16,1.8572383214676691e-16,3354,0,validated_negative_half_crossing: trajectory box reached the outer study limit; this is not an escape proof
63,0,r,0,0.8029177098061796,0.80291770980618049,-0.90000000000000013,-0.89999999999999991,1,0,1,0,1,validated_outer_limit_outward,validated_outer_limit_outward,1,-1,2.7916431474926329,2.7916431475387418,2.7916431474926329,2.7916431475387418,3.4442114478698471,3.4442114648621289,2.2356627369216198,2.2356628411959742,-5.1227554698708753,-5.1227553867410105,65.669525183221666,65.669525796063724,2.2360679756190103,2.2360679793805693,-2.3916368938607162,-2.3916368938607122,-5.9895990148106648e-05,5.9895973549828341e-05,0.0014288269200492484,0.0014288269200496185,-1.8561541192951836e-16,1.8572383214676691e-16,3354,0,validated_outer_limit_outward: trajectory box reached the outer study limit; this is not an escape proof
63,1,r,0,0.8029177098061796,0.80291770980618049,-0.84375000000000022,-0.84374999999999978,1,0,1,0,1,validated_outer_limit_outward,validated_negative_half_crossing,0,0,1.4908617465189196,1.4908617465339555,1.4908617465189196,1.4908617465339555,0.83993721395387733,0.83993721395611753,0.14119343204755452,0.14119343205407631,-0.069131999750110737,-0.069131999742765834,-0.069131999750110737,-0.069131999742765834,0.91648088575478615,0.91648088575600828,-2.3916368938607162,-2.3916368938607122,-1.2538414750906668e-11,1.2525536163821016e-11,0.0014288269200492484,0.0014288269200496185,-1.8594067258126401e-16,1.8604909279851256e-16,3222,0,validated_negative_half_crossing: trajectory box reached the outer study limit; this is not an escape proof
63,1,r,0,0.8029177098061796,0.80291770980618049,-0.84375000000000022,-0.84374999999999978,1,0,1,0,1,validated_outer_limit_outward,validated_outer_limit_outward,1,-1,2.6829758435922626,2.6829758436321911,2.6829758435922626,2.6829758436321911,3.4437873818080984,3.4437873968666182,2.2328348100973079,2.2328349013216107,-5.1231490772400887,-5.1231490042248318,65.651535263904947,65.651535797523835,2.2360679758765012,2.2360679791230784,-2.3916368938607162,-2.3916368938607122,-5.2031486916348513e-05,5.2031470147539949e-05,0.0014288269200492484,0.0014288269200496185,-1.8594067258126401e-16,1.8604909279851256e-16,3222,0,validated_outer_limit_outward: trajectory box reached the outer study limit; this is not an escape proof
63,2,r,0,0.8029177098061796,0.80291770980618049,-0.78750000000000031,-0.78749999999999987,1,0,1,0,1,validated_outer_limit_outward,validated_negative_half_crossing,0,0,1.4460951423789226,1.4460951423924728,1.4460951423789226,1.4460951423924728,0.84327701265340904,0.84327701265555766,0.15086711667139863,0.15086711667768549,-0.073036650728745572,-0.073036650721709145,-0.073036650728745572,-0.073036650721709145,0.91830115575088389,0.91830115575205373,-2.3916368938607162,-2.3916368938607122,-1.2151613049127263e-11,1.2136958105202211e-11,0.0014288269200492484,0.0014288269200496185,-1.8583225236401546e-16,1.8583225236401546e-16,3123,0,validated_negative_half_crossing: trajectory box reached the outer study limit; this is not an escape proof
63,2,r,0,0.8029177098061796,0.80291770980618049,-0.78750000000000031,-0.78749999999999987,1,0,1,0,1,validated_outer_limit_outward,validated_outer_limit_outward,1,-1,2.5994736990210141,2.5994736990565404,2.5994736990210141,2.5994736990565404,3.4438573575103058,3.4438573703310529,2.2311393243243627,2.2311394033206282,-5.124026215455312,-5.1240261525488835,65.644425747709619,65.644426212692309,2.236067976067424,2.2360679789321556,-2.3916368938607162,-2.3916368938607122,-4.5483041162697191e-05,4.5483022290682129e-05,0.0014288269200492484,0.0014288269200496185,-1.8583225236401546e-16,1.8583225236401546e-16,3123,0,validated_outer_limit_outward: trajectory box reached the outer study limit; this is not an escape proof
63,3,r,0,0.8029177098061796,0.80291770980618049,-0.73125000000000018,-0.73124999999999973,1,0,1,0,1,validated_outer_limit_outward,validated_negative_half_crossing,0,0,1.4073999866888083,1.4073999867012239,1.4073999866888083,1.4073999867012239,0.84598378775967897,0.84598378776174443,0.15876917253659659,0.15876917254266645,-0.075997390567299067,-0.07599739056053971,-0.075997390567299067,-0.07599739056053971,0.91977376988022386,0.91977376988134663,-2.3916368938607162,-2.3916368938607122,-1.1781020603507386e-11,1.1765921570372484e-11,0.0014288269200492484,0.0014288269200496185,-1.8583225236401546e-16,1.8594067258126401e-16,3039,0,validated_negative_half_crossing: trajectory box reached the outer study limit; this is not an escape proof
63,3,r,0,0.8029177098061796,0.80291770980618049,-0.73125000000000018,-0.73124999999999973,1,0,1,0,1,validated_outer_limit_outward,validated_outer_limit_outward,1,-1,2.5311361271055532,2.5311361271379149,2.5311361271055532,2.5311361271379149,3.4442052752189052,3.4442052870270978,2.2301352954539189,2.2301353676731845,-5.1251519673771968,-5.1251519097389728,65.643687418332291,65.643687842121636,2.2360679762001197,2.23606797879946,-2.3916368938607162,-2.3916368938607122,-4.141844419791596e-05,4.1418424814310129e-05,0.0014288269200492484,0.0014288269200496185,-1.8583225236401546e-16,1.8594067258126401e-16,3039,0,validated_outer_limit_outward: trajectory box reached the outer study limit; this is not an escape proof
63,4,r,0,0.8029177098061796,0.80291770980618049,-0.67500000000000027,-0.67499999999999982,1,0,1,0,1,validated_outer_limit_outward,validated_negative_half_crossing,0,0,1.3728596735676524,1.3728596735791572,1.3728596735676524,1.3728596735791572,0.84822193973252524,0.84822193973451554,0.16536167247283257,0.16536167247869996,-0.078270197023896176,-0.078270197017386703,-0.078270197023896176,-0.078270197017386703,0.92098965234823638,0.92098965234931685,-2.3916368938607162,-2.3916368938607122,-1.1432632618380012e-11,1.141797767445496e-11,0.0014288269200492484,0.0014288269200496185,-1.8583225236401546e-16,1.8583225236401546e-16,2973,0,validated_negative_half_crossing: trajectory box reached the outer study limit; this is not an escape proof
63,4,r,0,0.8029177098061796,0.80291770980618049,-0.67500000000000027,-0.67499999999999982,1,0,1,0,1,validated_outer_limit_outward,validated_outer_limit_outward,1,-1,2.4731119898473541,2.4731119898771396,2.4731119898473541,2.4731119898771396,3.4447239476241651,3.444723958109964,2.2295990798718344,2.2295991449660093,-5.1264118605475781,-5.1264118088294532,65.647060370406223,65.64706075474146,2.2360679763089144,2.2360679786906652,-2.3916368938607162,-2.3916368938607122,-3.7637411992363923e-05,3.7637395223555359e-05,0.0014288269200492484,0.0014288269200496185,-1.8583225236401546e-16,1.8583225236401546e-16,2973,0,validated_outer_limit_outward: trajectory box reached the outer study limit; this is not an escape proof
63,5,r,0,0.8029177098061796,0.80291770980618049,-0.61875000000000024,-0.6187499999999998,1,0,1,0,1,validated_outer_limit_outward,validated_negative_half_crossing,0,0,1.3413451078631553,1.3413451078739653,1.3413451078631553,1.3413451078739653,0.85008782940123018,0.8500878294031543,0.17091552441360977,0.17091552441930066,-0.080003997777956234,-0.080003997771668597,-0.080003997777956234,-0.080003997771668597,0.92200207667945644,0.92200207668049983,-2.3916368938607162,-2.3916368938607122,-1.1118217457806168e-11,1.110245229085649e-11,0.0014288269200492484,0.0014288269200496185,-1.8583225236401546e-16,1.8572383214676691e-16,2910,0,validated_negative_half_crossing: trajectory box reached the outer study limit; this is not an escape proof
63,5,r,0,0.8029177098061796,0.80291770980618049,-0.61875000000000024,-0.6187499999999998,1,0,1,0,1,validated_outer_limit_outward,validated_outer_limit_outward,1,-1,2.4226298245348561,2.4226298245627351,2.4226298245348561,2.4226298245627351,3.4453513292196853,3.4453513393411375,2.2293983498533243,2.2293984116805716,-5.1277408378328158,-5.1277407884685173,65.653223259276984,65.653223622001562,2.2360679763879241,2.2360679786116555,-2.3916368938607162,-2.3916368938607122,-3.5438844577129203e-05,3.5438828831502178e-05,0.0014288269200492484,0.0014288269200496185,-1.8583225236401546e-16,1.8572383214676691e-16,2910,0,validated_outer_limit_outward: trajectory box reached the outer study limit; this is not an escape proof
63,6,r,0,0.8029177098061796,0.80291770980618049,-0.56250000000000022,-0.56249999999999978,1,0,1,0,1,validated_outer_limit_outward,validated_negative_half_crossing,0,0,1.31212247819645,1.312122478206718,1.31212247819645,1.312122478206718,0.85164367051202106,0.85164367051389123,0.1756055684442786,0.17560556844982095,-0.081294398615160787,-0.081294398609055643,-0.081294398615160787,-0.081294398609055643,0.92284542070274211,0.9228454207037553,-2.3916368938607162,-2.3916368938607122,-1.0859091403858656e-11,1.0842660103094204e-11,0.0014288269200492484,0.0014288269200496185,-1.8572383214676691e-16,1.8594067258126401e-16,2856,0,validated_negative_half_crossing: trajectory box reached the outer study limit; this is not an escape proof
63,6,r,0,0.8029177098061796,0.80291770980618049,-0.56250000000000022,-0.56249999999999978,1,0,1,0,1,validated_outer_limit_outward,validated_outer_limit_outward,1,-1,2.3779397042697563,2.377939704296069,2.3779397042697563,2.377939704296069,3.4460479858019601,3.446047995200197,2.2294471855274614,2.2294472432661965,-5.1290983079131216,-5.1290982618923282,65.661328139913664,65.661328479469802,2.2360679764547178,2.2360679785448618,-2.3916368938607162,-2.3916368938607122,-3.3200678558387153e-05,3.3200653547282855e-05,0.0014288269200492484,0.0014288269200496185,-1.8572383214676691e-16,1.8594067258126401e-16,2856,0,validated_outer_limit_outward: trajectory box reached the outer study limit; this is not an escape proof
63,7,r,0,0.8029177098061796,0.80291770980618049,-0.5062500000000002,-0.50624999999999976,1,0,1,0,1,validated_outer_limit_outward,validated_negative_half_crossing,0,0,1.2846806522165892,1.2846806522263585,1.2846806522165892,1.2846806522263585,0.8529322633705525,0.85293226337236561,0.17955195415687236,0.17955195416225692,-0.082206905278360276,-0.082206905272445965,-0.082206905278360276,-0.082206905272445965,0.92354331970436154,0.92354331970534309,-2.3916368938607162,-2.3916368938607122,-1.0571099551270891e-11,1.0554668250506438e-11,0.0014288269200492484,0.0014288269200496185,-1.8594067258126401e-16,1.8583225236401546e-16,2808,0,validated_negative_half_crossing: trajectory box reached the outer study limit; this is not an escape proof
63,7,r,0,0.8029177098061796,0.80291770980618049,-0.5062500000000002,-0.50624999999999976,1,0,1,0,1,validated_outer_limit_outward,validated_outer_limit_outward,1,-1,2.3378587799440447,2.3378587799689656,2.3378587799440447,2.3378587799689656,3.446787210773897,3.4467872195993796,2.2296861928640239,2.2296862472240884,-5.130457289146519,-5.1304572458519626,65.670795516224899,65.670795836308116,2.2360679765129023,2.2360679784866773,-2.3916368938607162,-2.3916368938607122,-3.1303029459195386e-05,3.1303007176575193e-05,0.0014288269200492484,0.0014288269200496185,-1.8594067258126401e-16,1.8583225236401546e-16,2808,0,validated_outer_limit_outward: trajectory box reached the outer study limit; this is not an escape proof
63,8,r,0,0.8029177098061796,0.80291770980618049,-0.45000000000000018,-0.4499999999999999,1,0,1,0,1,validated_outer_limit_outward,validated_negative_half_crossing,0,0,1.2586441777643509,1.2586441777736852,1.2586441777643509,1.2586441777736852,0.85398436340339945,0.85398436340515749,0.18284084931440023,0.18284084931962966,-0.082788479172557813,-0.082788479166827258,-0.082788479172557813,-0.082788479166827258,0.92411274388106968,0.9241127438820208,-2.3916368938607162,-2.3916368938607122,-1.0284884055522525e-11,1.0268452754758073e-11,0.0014288269200492484,0.0014288269200496185,-1.8561541192951836e-16,1.8572383214676691e-16,2766,0,validated_negative_half_crossing: trajectory box reached the outer study limit; this is not an escape proof
63,8,r,0,0.8029177098061796,0.80291770980618049,-0.45000000000000018,-0.4499999999999999,1,0,1,0,1,validated_outer_limit_outward,validated_outer_limit_outward,1,-1,2.3015468783121178,2.3015468783358273,2.3015468783121178,2.3015468783358273,3.4475500602227473,3.447550068488662,2.2300724288097933,2.2300724800350471,-5.1317989831825015,-5.1317989424594694,65.681210905878061,65.681211208335768,2.2360679765634845,2.2360679784360951,-2.3916368938607162,-2.3916368938607122,-2.9596310184842878e-05,2.9596295803457906e-05,0.0014288269200492484,0.0014288269200496185,-1.8561541192951836e-16,1.8572383214676691e-16,2766,0,validated_outer_limit_outward: trajectory box reached the outer study limit; this is not an escape proof
63,9,r,0,0.8029177098061796,0.80291770980618049,-0.39375000000000027,-0.39374999999999982,1,0,1,0,1,validated_outer_limit_outward,validated_negative_half_crossing,0,0,1.2337249947848592,1.2337249947938169,1.2337249947848592,1.2337249947938169,0.85482274302607442,0.85482274302778061,0.18553586096997307,0.18553586097505018,-0.08307388057384256,-0.083073880568288683,-0.08307388057384256,-0.083073880568288683,0.92456624588294078,0.92456624588386338,-2.3916368938607162,-2.3916368938607122,-1.0006884210156386e-11,9.9891206417623835e-12,0.0014288269200492484,0.0014288269200496185,-1.8572383214676691e-16,1.8572383214676691e-16,2727,0,validated_negative_half_crossing: trajectory box reached the outer study limit; this is not an escape proof
63,9,r,0,0.8029177098061796,0.80291770980618049,-0.39375000000000027,-0.39374999999999982,1,0,1,0,1,validated_outer_limit_outward,validated_outer_limit_outward,1,-1,2.268384320640696,2.2683843206633547,2.268384320640696,2.2683843206633547,3.4483226076339264,3.448322615271791,2.2305737794330285,2.2305738274788136,-5.1331097995499997,-5.1331097615257315,65.692267403905262,65.692267689517905,2.2360679766073717,2.2360679783922079,-2.3916368938607162,-2.3916368938607122,-2.7980965796814417e-05,2.7980951585959701e-05,0.0014288269200492484,0.0014288269200496185,-1.8572383214676691e-16,1.8572383214676691e-16,2727,0,validated_outer_limit_outward: trajectory box reached the outer study limit; this is not an escape proof
63,10,r,0,0.8029177098061796,0.80291770980618049,-0.33750000000000019,-0.33749999999999986,1,0,1,0,1,validated_outer_limit_outward,validated_negative_half_crossing,0,0,1.2096935816177492,1.209693581626383,1.2096935816177492,1.209693581626383,0.85546459574941014,0.85546459575106726,0.18768479622728934,0.18768479623222228,-0.083089410759988824,-0.083089410754600024,-0.083089410759988824,-0.083089410754600024,0.92491329093564778,0.92491329093654351,-2.3916368938607162,-2.3916368938607122,-9.7382102381970981e-12,9.7222230266424958e-12,0.0014288269200492484,0.0014288269200496185,-1.8572383214676691e-16,1.8572383214676691e-16,2688,0,validated_negative_half_crossing: trajectory box reached the outer study limit; this is not an escape proof
63,10,r,0,0.8029177098061796,0.80291770980618049,-0.33750000000000019,-0.33749999999999986,1,0,1,0,1,validated_outer_limit_outward,validated_outer_limit_outward,1,-1,2.2379003795115047,2.2379003795332926,2.2379003795115047,2.2379003795332926,3.4490943152483036,3.4490943229261246,2.231165596196766,2.2311656434316154,-5.1343796028418964,-5.134379565207734,65.70373146825392,65.703731746412004,2.236067976642913,2.2360679783566666,-2.3916368938607162,-2.3916368938607122,-2.7185199144241778e-05,2.7185185501821252e-05,0.0014288269200492484,0.0014288269200496185,-1.8572383214676691e-16,1.8572383214676691e-16,2688,0,validated_outer_limit_outward: trajectory box reached the outer study limit; this is not an escape proof
63,11,r,0,0.8029177098061796,0.80291770980618049,-0.28125000000000022,-0.28124999999999978,1,0,1,0,1,validated_outer_limit_outward,validated_negative_half_crossing,0,0,1.1863606409167422,1.1863606409251124,1.1863606409167422,1.1863606409251124,0.85592303662612612,0.85592303662773794,0.18932387997308661,0.18932387997788674,-0.082855242974732068,-0.082855242969497936,-0.082855242974732068,-0.082855242969497936,0.92516108685251464,0.92516108685338572,-2.3916368938607162,-2.3916368938607122,-9.4853014331874874e-12,9.468426043213185e-12,0.0014288269200492484,0.0014288269200496185,-1.8550699171226981e-16,1.8572383214676691e-16,2655,0,validated_negative_half_crossing: trajectory box reached the outer study limit; this is not an escape proof
63,11,r,0,0.8029177098061796,0.80291770980618049,-0.28125000000000022,-0.28124999999999978,1,0,1,0,1,validated_outer_limit_outward,validated_outer_limit_outward,1,-1,2.2097289588177533,2.2097289588388014,2.2097289588177533,2.2097289588388014,3.4498570150230843,3.4498570224739171,2.2318285772945758,2.231828622980887,-5.1356006158412901,-5.1356005794041284,65.715421419558837,65.715421688289354,2.2360679766738882,2.2360679783256914,-2.3916368938607162,-2.3916368938607122,-2.6246955883379997e-05,2.624694076303058e-05,0.0014288269200492484,0.0014288269200496185,-1.8550699171226981e-16,1.8572383214676691e-16,2655,0,validated_outer_limit_outward: trajectory box reached the outer study limit; this is not an escape proof
63,12,r,0,0.8029177098061796,0.80291770980618049,-0.22500000000000014,-0.22499999999999981,1,0,1,0,1,validated_outer_limit_outward,validated_negative_half_crossing,0,0,1.1635648402124623,1.1635648402205589,1.1635648402124623,1.1635648402205589,0.85620807593192982,0.85620807593349246,0.19048048822789435,0.19048048823254946,-0.082386935083646487,-0.082386935078575682,-0.082386935083646487,-0.082386935078575682,0.9253151225025612,0.92531512250340553,-2.3916368938607162,-2.3916368938607122,-9.205747275586873e-12,9.1879837071928705e-12,0.0014288269200492484,0.0014288269200496185,-1.8550699171226981e-16,1.8561541192951836e-16,2625,0,validated_negative_half_crossing: trajectory box reached the outer study limit; this is not an escape proof
63,12,r,0,0.8029177098061796,0.80291770980618049,-0.22500000000000014,-0.22499999999999981,1,0,1,0,1,validated_outer_limit_outward,validated_outer_limit_outward,1,-1,2.1835798784865732,2.1835798785068508,2.1835798784865732,2.1835798785068508,3.4506042392774221,3.4506042461841111,2.2325473655694372,2.2325474086539692,-5.1367667113234505,-5.1367666771394189,65.727193299043577,65.7271935543681,2.2360679767062264,2.2360679782933532,-2.3916368938607162,-2.3916368938607122,-2.4983753348806204e-05,2.498373754633576e-05,0.0014288269200492484,0.0014288269200496185,-1.8550699171226981e-16,1.8561541192951836e-16,2625,0,validated_outer_limit_outward: trajectory box reached the outer study limit; this is not an escape proof
63,13,r,0,0.8029177098061796,0.80291770980618049,-0.16875000000000023,-0.16874999999999984,1,0,1,0,1,validated_outer_limit_outward,validated_negative_half_crossing,0,0,1.1411641759753117,1.1411641759831812,1.1411641759753117,1.1411641759831812,0.8563272677852215,0.85632726778673884,0.19117496371060985,0.19117496371512577,-0.081696440486979979,-0.081696440482062316,-0.081696440486979979,-0.081696440482062316,0.92537952634863363,0.92537952634945342,-2.3916368938607162,-2.3916368938607122,-8.9408480619113107e-12,8.9248608503567084e-12,0.0014288269200492484,0.0014288269200496185,-1.8561541192951836e-16,1.8561541192951836e-16,2595,0,validated_negative_half_crossing: trajectory box reached the outer study limit; this is not an escape proof
63,13,r,0,0.8029177098061796,0.80291770980618049,-0.16875000000000023,-0.16874999999999984,1,0,1,0,1,validated_outer_limit_outward,validated_outer_limit_outward,1,-1,2.159219581282728,2.1592195813023927,2.159219581282728,2.1592195813023927,3.4513307670648254,3.4513307739086514,2.2333095966380472,2.2333096388585454,-5.1378729291989549,-5.1378728955880639,65.738931260971711,65.738931510026305,2.2360679767312934,2.2360679782682862,-2.3916368938607162,-2.3916368938607122,-2.4337745060165616e-05,2.4337721754363884e-05,0.0014288269200492484,0.0014288269200496185,-1.8561541192951836e-16,1.8561541192951836e-16,2595,0,validated_outer_limit_outward: trajectory box reached the outer study limit; this is not an escape proof
63,14,r,0,0.8029177098061796,0.80291770980618049,-0.11250000000000016,-0.11249999999999977,1,0,1,0,1,validated_outer_limit_outward,validated_negative_half_crossing,0,0,1.119029556411592,1.1190295564192698,1.119029556411592,1.1190295564192698,0.85628614745348608,0.8562861474549619,0.1914218329371252,0.19142183294151216,-0.080792795691685584,-0.080792795686908989,-0.080792795691685584,-0.080792795686908989,0.92535730799161364,0.925357307992411,-2.3916368938607162,-2.3916368938607122,-8.6946005950494509e-12,8.6781692942849986e-12,0.0014288269200492484,0.0014288269200496185,-1.8539857149502126e-16,1.8550699171226981e-16,2568,0,validated_negative_half_crossing: trajectory box reached the outer study limit; this is not an escape proof
63,14,r,0,0.8029177098061796,0.80291770980618049,-0.11250000000000016,-0.11249999999999977,1,0,1,0,1,validated_outer_limit_outward,validated_outer_limit_outward,1,-1,2.1364577808819409,2.1364577809010585,2.1364577808819409,2.1364577809010585,3.452032307712432,3.452032314167194,2.2341052384561855,2.2341052788154303,-5.1389151331654102,-5.1389151011662477,65.750540870819449,65.750541110329564,2.2360679767544163,2.2360679782451633,-2.3916368938607162,-2.3916368938607122,-2.3433597903022019e-05,2.3433582782672602e-05,0.0014288269200492484,0.0014288269200496185,-1.8539857149502126e-16,1.8550699171226981e-16,2568,0,validated_outer_limit_outward: trajectory box reached the outer study limit; this is not an escape proof
63,15,r,0,0.8029177098061796,0.80291770980618049,-0.056250000000000133,-0.0562499999999998,1,0,1,0,1,validated_outer_limit_outward,validated_negative_half_crossing,0,0,1.0970397380816448,1.0970397380891221,1.0970397380816448,1.0970397380891221,0.85608852390705126,0.85608852390847934,0.19123061130533611,0.19123061130957655,-0.079682589204038728,-0.079682589199421547,-0.079682589204038728,-0.079682589199421547,0.92525051953892534,0.92525051953969706,-2.3916368938607162,-2.3916368938607122,-8.4086071439060106e-12,8.3926199323514084e-12,0.0014288269200492484,0.0014288269200496185,-1.8561541192951836e-16,1.8550699171226981e-16,2541,0,validated_negative_half_crossing: trajectory box reached the outer study limit; this is not an escape proof
63,15,r,0,0.8029177098061796,0.80291770980618049,-0.056250000000000133,-0.0562499999999998,1,0,1,0,1,validated_outer_limit_outward,validated_outer_limit_outward,1,-1,2.115137999039796,2.1151379990583794,2.115137999039796,2.1151379990583794,3.4527052707159687,3.4527052771756015,2.2349261132250384,2.2349261530286322,-5.1398897695114876,-5.1398897378135127,65.761944276792363,65.761944511558951,2.2360679767761011,2.2360679782234785,-2.3916368938607162,-2.3916368938607122,-2.2930685418032226e-05,2.2930665977582976e-05,0.0014288269200492484,0.0014288269200496185,-1.8561541192951836e-16,1.8550699171226981e-16,2541,0,validated_outer_limit_outward: trajectory box reached the outer study limit; this is not an escape proof
63,16,r,0,0.8029177098061796,0.80291770980618049,-1.1102230246251565e-16,1.1102230246251565e-16,1,0,1,0,1,validated_outer_limit_outward,validated_negative_half_crossing,0,0,1.0750770432434,1.0750770432507166,1.0750770432434,1.0750770432507166,0.85573666725052899,0.85573666725191355,0.19060630656348279,0.19060630656758928,-0.078370274658970757,-0.07837027465450197,-0.078370274658970757,-0.07837027465450197,0.92506035870667869,0.92506035870742698,-2.3916368938607162,-2.3916368938607122,-8.141931573391048e-12,8.1261664064413708e-12,0.0014288269200492484,0.0014288269200496185,-1.8550699171226981e-16,1.8529015127777271e-16,2520,0,validated_negative_half_crossing: trajectory box reached the outer study limit; this is not an escape proof
63,16,r,0,0.8029177098061796,0.80291770980618049,-1.1102230246251565e-16,1.1102230246251565e-16,1,0,1,0,1,validated_outer_limit_outward,validated_outer_limit_outward,1,-1,2.0951307355085333,2.0951307355266531,2.0951307355085333,2.0951307355266531,3.4533465988012568,3.4533466049473378,2.2357655627358022,2.2357656010115075,-5.140793676597605,-5.14079364621408,65.773076725549842,65.77307695237225,2.2360679767958129,2.2360679782037667,-2.3916368938607162,-2.3916368938607122,-2.2177446339810558e-05,2.2177419168656343e-05,0.0014288269200492484,0.0014288269200496185,-1.8550699171226981e-16,1.8529015127777271e-16,2520,0,validated_outer_limit_outward: trajectory box reached the outer study limit; this is not an escape proof
63,17,r,0,0.8029177098061796,0.80291770980618049,0.0562499999999998,0.056250000000000133,1,0,1,0,1,validated_outer_limit_outward,validated_negative_half_crossing,0,0,1.0530234397855542,1.0530234397926681,1.0530234397855542,1.0530234397926681,0.85523141422814941,0.85523141422948368,0.18954968436499134,0.18954968436894029,-0.076858365998798667,-0.076858365994496303,-0.076858365998798667,-0.076858365994496303,0.92478722646247091,0.92478722646319222,-2.3916368938607162,-2.3916368938607122,-7.8346218401748047e-12,7.8181905394103524e-12,0.0014288269200492484,0.0014288269200496185,-1.8561541192951836e-16,1.8550699171226981e-16,2496,0,validated_negative_half_crossing: trajectory box reached the outer study limit; this is not an escape proof
63,17,r,0,0.8029177098061796,0.80291770980618049,0.0562499999999998,0.056250000000000133,1,0,1,0,1,validated_outer_limit_outward,validated_outer_limit_outward,1,-1,2.076328478368171,2.0763284783857947,2.076328478368171,2.0763284783857947,3.4539536396089732,3.4539536457790461,2.236618200927035,2.2366182387782545,-5.1416239438239764,-5.1416239136406814,65.783883967989837,65.783884190906193,2.2360679768148564,2.2360679781847232,-2.3916368938607162,-2.3916368938607122,-2.1753649207312264e-05,2.1753631699539255e-05,0.0014288269200492484,0.0014288269200496185,-1.8561541192951836e-16,1.8550699171226981e-16,2496,0,validated_outer_limit_outward: trajectory box reached the outer study limit; this is not an escape proof
63,18,r,0,0.8029177098061796,0.80291770980618049,0.11249999999999977,0.11250000000000016,1,0,1,0,1,validated_outer_limit_outward,validated_negative_half_crossing,0,0,1.0307566365175096,1.0307566365244185,1.0307566365175096,1.0307566365244185,0.854572204061255,0.8545722040625382,0.1880573281627099,0.1880573281664959,-0.075147536265097584,-0.075147536260964917,-0.075147536265097584,-0.075147536260964917,0.92443074595193719,0.92443074595263119,-2.3916368938607162,-2.3916368938607122,-7.5184303227615601e-12,7.503553334231583e-12,0.0014288269200492484,0.0014288269200496185,-1.8539857149502126e-16,1.8550699171226981e-16,2475,0,validated_negative_half_crossing: trajectory box reached the outer study limit; this is not an escape proof
63,18,r,0,0.8029177098061796,0.80291770980618049,0.11249999999999977,0.11250000000000016,1,0,1,0,1,validated_outer_limit_outward,validated_outer_limit_outward,1,-1,2.0586420447946749,2.0586420448117759,2.0586420447946749,2.0586420448117759,3.4545240493390628,3.4545240552087915,2.2374797485276385,2.2374797848674977,-5.1423777874960033,-5.1423777585982551,65.794320370922719,65.794320585787872,2.2360679768356011,2.2360679781639785,-2.3916368938607162,-2.3916368938607122,-2.0989723452657927e-05,2.0989700942664058e-05,0.0014288269200492484,0.0014288269200496185,-1.8539857149502126e-16,1.8550699171226981e-16,2475,0,validated_outer_limit_outward: trajectory box reached the outer study limit; this is not an escape proof
63,19,r,0,0.8029177098061796,0.80291770980618049,0.16874999999999984,0.16875000000000023,1,0,1,0,1,validated_outer_limit_outward,validated_negative_half_crossing,0,0,1.0081458563357233,1.0081458563424184,1.0081458563357233,1.0081458563424184,0.85375704862057644,0.85375704862180501,0.18612150146551537,0.18612150146912651,-0.073236629886427304,-0.073236629882474938,-0.073236629886427304,-0.073236629882474938,0.9239897448676454,0.9239897448683102,-2.3916368938607162,-2.3916368938607122,-7.1802563894607374e-12,7.1653794009307603e-12,0.0014288269200492484,0.0014288269200496185,-1.8561541192951836e-16,1.8561541192951836e-16,2454,0,validated_negative_half_crossing: trajectory box reached the outer study limit; this is not an escape proof
63,19,r,0,0.8029177098061796,0.80291770980618049,0.16874999999999984,0.16875000000000023,1,0,1,0,1,validated_outer_limit_outward,validated_outer_limit_outward,1,-1,2.0419979220524604,2.0419979220690787,2.0419979220524604,2.0419979220690787,3.4550557146321434,3.4550557205461128,2.2383469183748046,2.2383469543952073,-5.1430524509512354,-5.1430524221655363,65.804347512223231,65.804347723825899,2.2360679768531146,2.236067978146465,-2.3916368938607162,-2.3916368938607122,-2.0619241752228845e-05,2.0619224926576862e-05,0.0014288269200492484,0.0014288269200496185,-1.8561541192951836e-16,1.8561541192951836e-16,2454,0,validated_outer_limit_outward: trajectory box reached the outer study limit; this is not an escape proof
63,20,r,0,0.8029177098061796,0.80291770980618049,0.22499999999999981,0.22500000000000014,1,0,1,0,1,validated_outer_limit_outward,validated_negative_half_crossing,0,0,0.9850469027631209,0.98504690276964768,0.9850469027631209,0.98504690276964768,0.85278243351740191,0.85278243351857963,0.18372979808991108,0.18372979809336137,-0.071122588566806824,-0.071122588563023212,-0.071122588566806824,-0.071122588563023212,0.92346219928993412,0.92346219929057172,-2.3916368938607162,-2.3916368938607122,-6.8616223813933175e-12,6.8471894820731904e-12,0.0014288269200492484,0.0014288269200496185,-1.8550699171226981e-16,1.8561541192951836e-16,2436,0,validated_negative_half_crossing: trajectory box reached the outer study limit; this is not an escape proof
63,20,r,0,0.8029177098061796,0.80291770980618049,0.22499999999999981,0.22500000000000014,1,0,1,0,1,validated_outer_limit_outward,validated_outer_limit_outward,1,-1,2.026336399707116,2.0263363997233079,2.026336399707116,2.0263363997233079,3.4555466922258926,3.4555466979752825,2.2392173616858124,2.2392173967352553,-5.1436451032172128,-5.1436450752153995,65.813933225659014,65.813933431651549,2.2360679768699288,2.2360679781296509,-2.3916368938607162,-2.3916368938607122,-2.0073523671726434e-05,2.0073503605999576e-05,0.0014288269200492484,0.0014288269200496185,-1.8550699171226981e-16,1.8561541192951836e-16,2436,0,validated_outer_limit_outward: trajectory box reached the outer study limit; this is not an escape proof
63,21,r,0,0.8029177098061796,0.80291770980618049,0.28124999999999978,0.28125000000000022,1,0,1,0,1,validated_outer_limit_outward,validated_negative_half_crossing,0,0,0.96129601989578173,0.96129601990212854,0.96129601989578173,0.96129601990212854,0.85164313855867479,0.85164313855979723,0.18086454077612715,0.18086454077940514,-0.06880028094837036,-0.068800280944768477,-0.06880028094837036,-0.068800280944768477,0.92284513248901889,0.92284513248962696,-2.3916368938607162,-2.3916368938607122,-6.5167871099447439e-12,6.5021321660196918e-12,0.0014288269200492484,0.0014288269200496185,-1.8550699171226981e-16,1.8572383214676691e-16,2418,0,validated_negative_half_crossing: trajectory box reached the outer study limit; this is not an escape proof
63,21,r,0,0.8029177098061796,0.80291770980618049,0.28124999999999978,0.28125000000000022,1,0,1,0,1,validated_outer_limit_outward,validated_outer_limit_outward,1,-1,2.0116103731913557,2.0116103732070743,2.0116103731913557,2.0116103732070743,3.4559951576190104,3.4559951630314436,2.2400896582864722,2.2400896917509154,-5.1441527447136668,-5.1441527180926387,65.823050984171275,65.823051181995254,2.2360679768890455,2.2360679781105341,-2.3916368938607162,-2.3916368938607122,-1.9315293855015625e-05,1.9315278109388601e-05,0.0014288269200492484,0.0014288269200496185,-1.8550699171226981e-16,1.8572383214676691e-16,2418,0,validated_outer_limit_outward: trajectory box reached the outer study limit; this is not an escape proof
63,22,r,0,0.8029177098061796,0.80291770980618049,0.33749999999999986,0.33750000000000019,1,0,1,0,1,validated_outer_limit_outward,validated_negative_half_crossing,0,0,0.9367018296634082,0.93670182966960402,0.9367018296634082,0.93670182966960402,0.85033195534430162,0.85033195534537231,0.17750185473499711,0.17750185473810878,-0.066262213985745541,-0.066262213982315687,-0.066262213985745541,-0.066262213982315687,0.92213445621791057,0.92213445621849111,-2.3916368938607162,-2.3916368938607122,-6.1897154068901727e-12,6.1757265967798958e-12,0.0014288269200492484,0.0014288269200496185,-1.8572383214676691e-16,1.8572383214676691e-16,2400,0,validated_negative_half_crossing: trajectory box reached the outer study limit; this is not an escape proof
63,22,r,0,0.8029177098061796,0.80291770980618049,0.33749999999999986,0.33750000000000019,1,0,1,0,1,validated_outer_limit_outward,validated_outer_limit_outward,1,-1,1.9977847741447923,1.9977847741601551,1.9977847741447923,1.9977847741601551,3.4563993631680279,3.4563993685840515,2.2409633665206736,2.240963399647308,-5.1445721018218524,-5.144572075383441,65.831679654742118,65.831679849720402,2.2360679769023486,2.236067978097231,-2.3916368938607162,-2.3916368938607122,-1.9007167281870352e-05,1.9007144260285713e-05,0.0014288269200492484,0.0014288269200496185,-1.8572383214676691e-16,1.8572383214676691e-16,2400,0,validated_outer_limit_outward: trajectory box reached the outer study limit; this is not an escape proof
63,23,r,0,0.8029177098061796,0.80291770980618049,0.39374999999999982,0.39375000000000027,1,0,1,0,1,validated_outer_limit_outward,validated_negative_half_crossing,0,0,0.91103424667955257,0.91103424668559896,0.91103424667955257,0.91103424668559896,0.84883926387307862,0.84883926387409747,0.17361029162644559,0.17361029162938676,-0.063498086411322513,-0.063498086408063564,-0.063498086411322513,-0.063498086408063564,0.92132473312783625,0.92132473312838914,-2.3916368938607162,-2.3916368938607122,-5.8613114362060514e-12,5.8484328491203996e-12,0.0014288269200492484,0.0014288269200496185,-1.8572383214676691e-16,1.8572383214676691e-16,2385,0,validated_negative_half_crossing: trajectory box reached the outer study limit; this is not an escape proof
63,23,r,0,0.8029177098061796,0.80291770980618049,0.39374999999999982,0.39375000000000027,1,0,1,0,1,validated_outer_limit_outward,validated_outer_limit_outward,1,-1,1.9848366603947445,1.9848366604097585,1.9848366603947445,1.9848366604097585,3.4567576036250998,3.4567576089624414,2.2418391461799625,2.2418391787111158,-5.1448995016493679,-5.144899475658816,65.83980367080936,65.839803862043794,2.2360679769153986,2.236067978084181,-2.3916368938607162,-2.3916368938607122,-1.862884113279506e-05,1.8628824193456239e-05,0.0014288269200492484,0.0014288269200496185,-1.8572383214676691e-16,1.8572383214676691e-16,2385,0,validated_outer_limit_outward: trajectory box reached the outer study limit; this is not an escape proof
63,24,r,0,0.8029177098061796,0.80291770980618049,0.4499999999999999,0.45000000000000018,1,0,1,0,1,validated_outer_limit_outward,validated_negative_half_crossing,0,0,0.88400858570615193,0.88400858571205843,0.88400858570615193,0.88400858571205843,0.84715240407137482,0.84715240407233994,0.16914879558761153,0.16914879559037999,-0.060494116644727196,-0.060494116641642816,-0.060494116644727196,-0.060494116641642816,0.92040882442063476,0.92040882442115901,-2.3916368938607162,-2.3916368938607122,-5.5233595475101538e-12,5.510703005029427e-12,0.0014288269200492484,0.0014288269200496185,-1.8561541192951836e-16,1.8572383214676691e-16,2370,0,validated_negative_half_crossing: trajectory box reached the outer study limit; this is not an escape proof
63,24,r,0,0.8029177098061796,0.80291770980618049,0.4499999999999999,0.45000000000000018,1,0,1,0,1,validated_outer_limit_outward,validated_outer_limit_outward,1,-1,1.9727560976617002,1.9727560976763769,1.9727560976617002,1.9727560976763769,3.4570681864673696,3.4570681916779531,2.242718973465772,2.2427190052507511,-5.1451307213872708,-5.1451306959997565,65.847413706594494,65.847413893513163,2.2360679769283172,2.2360679780712625,-2.3916368938607162,-2.3916368938607122,-1.8209867562291038e-05,1.8209853010375809e-05,0.0014288269200492484,0.0014288269200496185,-1.8561541192951836e-16,1.8572383214676691e-16,2370,0,validated_outer_limit_outward: trajectory box reached the outer study limit; this is not an escape proof
63,25,r,0,0.8029177098061796,0.80291770980618049,0.50624999999999976,0.5062500000000002,1,0,1,0,1,validated_outer_limit_outward,validated_negative_half_crossing,0,0,0.85526181331159323,0.85526181331737539,0.85526181331159323,0.85526181331737539,0.84525473284771069,0.84525473284862074,0.16406365584029411,0.16406365584288876,-0.057232029152373215,-0.057232029149466603,-0.057232029152373215,-0.057232029149466603,0.91937736150489957,0.9193773615053944,-2.3916368938607162,-2.3916368938607122,-5.17763609764188e-12,5.1663118227907034e-12,0.0014288269200492484,0.0014288269200496185,-1.8594067258126401e-16,1.8583225236401546e-16,2358,0,validated_negative_half_crossing: trajectory box reached the outer study limit; this is not an escape proof
63,25,r,0,0.8029177098061796,0.80291770980618049,0.50624999999999976,0.5062500000000002,1,0,1,0,1,validated_outer_limit_outward,validated_outer_limit_outward,1,-1,1.9615481182676846,1.9615481182820602,1.9615481182676846,1.9615481182820602,3.4573294102325622,3.4573294153443466,2.2436065049344895,2.2436065360985618,-5.1452607846601355,-5.1452607597641604,65.85450812507537,65.854508308319325,2.2360679769399301,2.2360679780596495,-2.3916368938607162,-2.3916368938607122,-1.7847729282038927e-05,1.7847704270934628e-05,0.0014288269200492484,0.0014288269200496185,-1.8594067258126401e-16,1.8583225236401546e-16,2358,0,validated_outer_limit_outward: trajectory box reached the outer study limit; this is not an escape proof
63,26,r,0,0.8029177098061796,0.80291770980618049,0.56249999999999978,0.56250000000000022,1,0,1,0,1,validated_outer_limit_outward,validated_negative_half_crossing,0,0,0.82431545312491361,0.82431545313056898,0.82431545312491361,0.82431545313056898,0.8431241730896798,0.84312417309053111,0.15828381626944402,0.15828381627185806,-0.053687494110356934,-0.053687494107640774,-0.053687494110356934,-0.053687494107640774,0.91821793333047019,0.91821793333093371,-2.3916368938607162,-2.3916368938607122,-4.8117065887254284e-12,4.8008264030841019e-12,0.0014288269200492484,0.0014288269200496185,-1.8572383214676691e-16,1.8594067258126401e-16,2343,0,validated_negative_half_crossing: trajectory box reached the outer study limit; this is not an escape proof
63,26,r,0,0.8029177098061796,0.80291770980618049,0.56249999999999978,0.56250000000000022,1,0,1,0,1,validated_outer_limit_outward,validated_outer_limit_outward,1,-1,1.9512363130520549,1.9512363130661494,1.9512363130520549,1.9512363130661494,3.4575395533771505,3.4575395584806663,2.2445076761736535,2.2445077070438839,-5.1452836763945848,-5.1452836516750331,65.861095642751494,65.861095823771777,2.2360679769500749,2.2360679780495047,-2.3916368938607162,-2.3916368938607122,-1.7600969727027405e-05,1.7600953640339867e-05,0.0014288269200492484,0.0014288269200496185,-1.8572383214676691e-16,1.8594067258126401e-16,2343,0,validated_outer_limit_outward: trajectory box reached the outer study limit; this is not an escape proof
63,27,r,0,0.8029177098061796,0.80291770980618049,0.6187499999999998,0.61875000000000024,1,0,1,0,1,validated_outer_limit_outward,validated_negative_half_crossing,0,0,0.79051463713840919,0.79051463714394443,0.79051463713840919,0.79051463714394443,0.84073089389355815,0.84073089389435329,0.15171336666539223,0.1517133666676217,-0.049827639238069661,-0.04982763923553736,-0.049827639238069661,-0.04982763923553736,0.91691378760140707,0.91691378760184061,-2.3916368938607162,-2.3916368938607122,-4.4597658899192538e-12,4.4488857042779273e-12,0.0014288269200492484,0.0014288269200496185,-1.8583225236401546e-16,1.8572383214676691e-16,2334,0,validated_negative_half_crossing: trajectory box reached the outer study limit; this is not an escape proof
63,27,r,0,0.8029177098061796,0.80291770980618049,0.6187499999999998,0.61875000000000024,1,0,1,0,1,validated_outer_limit_outward,validated_outer_limit_outward,1,-1,1.9418691436746711,1.9418691436884834,1.9418691436746711,1.9418691436884834,3.4576968832259856,3.457696888152848,2.2454317078347916,2.2454317378622557,-5.1451919181836256,-5.1451918941934149,65.867200120373269,65.867200296978353,2.2360679769607352,2.2360679780388444,-2.3916368938607162,-2.3916368938607122,-1.7192034079016594e-05,1.719201532068837e-05,0.0014288269200492484,0.0014288269200496185,-1.8583225236401546e-16,1.8572383214676691e-16,2334,0,validated_outer_limit_outward: trajectory box reached the outer study limit; this is not an escape proof
63,28,r,0,0.8029177098061796,0.80291770980618049,0.67499999999999982,0.67500000000000027,1,0,1,0,1,validated_outer_limit_outward,validated_negative_half_crossing,0,0,0.7529216698054122,0.75292166981081898,0.7529216698054122,0.75292166981081898,0.83803340279633876,0.8380334027970725,0.14421886646235685,0.14421886646439169,-0.045606877026461268,-0.045606877024127433,-0.045606877026461268,-0.045606877024127433,0.91544164357775359,0.91544164357815427,-2.3916368938607162,-2.3916368938607122,-4.0794034816826752e-12,4.0702996528807489e-12,0.0014288269200492484,0.0014288269200496185,-1.8583225236401546e-16,1.8583225236401546e-16,2325,0,validated_negative_half_crossing: trajectory box reached the outer study limit; this is not an escape proof
63,28,r,0,0.8029177098061796,0.80291770980618049,0.67499999999999982,0.67500000000000027,1,0,1,0,1,validated_outer_limit_outward,validated_outer_limit_outward,1,-1,1.9335312053681444,1.9335312053816449,1.9335312053681444,1.9335312053816449,3.4577997069665032,3.4577997116699004,2.2463928674364935,2.246392896431332,-5.1449758970320536,-5.144975873946783,65.872869362244344,65.872869533571588,2.2360679769728362,2.2360679780267434,-2.3916368938607162,-2.3916368938607122,-1.670506156870033e-05,1.6705045879916725e-05,0.0014288269200492484,0.0014288269200496185,-1.8583225236401546e-16,1.8583225236401546e-16,2325,0,validated_outer_limit_outward: trajectory box reached the outer study limit; this is not an escape proof
63,29,r,0,0.8029177098061796,0.80291770980618049,0.73124999999999973,0.73125000000000018,1,0,1,0,1,validated_outer_limit_outward,validated_negative_half_crossing,0,0,0.71011527537929475,0.71011527538454822,0.71011527537929475,0.71011527538454822,0.83497148388838183,0.83497148388904785,0.1356063706058766,0.13560637060770014,-0.040959407570302864,-0.040959407568187556,-0.040959407570302864,-0.040959407568187556,0.91376774066957622,0.9137677406699406,-2.3916368938607162,-2.3916368938607122,-3.6670666503368921e-12,3.6588509999546659e-12,0.0014288269200492484,0.0014288269200496185,-1.8583225236401546e-16,1.8594067258126401e-16,2316,0,validated_negative_half_crossing: trajectory box reached the outer study limit; this is not an escape proof
63,29,r,0,0.8029177098061796,0.80291770980618049,0.73124999999999973,0.73125000000000018,1,0,1,0,1,validated_outer_limit_outward,validated_outer_limit_outward,1,-1,1.9263643978547971,1.9263643978679839,1.9263643978547971,1.9263643978679839,3.4578465230268947,3.4578465277298278,2.2474137703437331,2.2474137990594398,-5.1446227152480901,-5.1446226923196896,65.878192226759424,65.878192395770242,2.2360679769834428,2.2360679780161368,-2.3916368938607162,-2.3916368938607122,-1.6456866603675735e-05,1.6456852279134182e-05,0.0014288269200492484,0.0014288269200496185,-1.8583225236401546e-16,1.8594067258126401e-16,2316,0,validated_outer_limit_outward: trajectory box reached the outer study limit; this is not an escape proof
63,30,r,0,0.8029177098061796,0.80291770980618049,0.78749999999999987,0.78750000000000031,1,0,1,0,1,validated_outer_limit_outward,validated_negative_half_crossing,0,0,0.65977112723925979,0.65977112724434051,0.65977112723925979,0.65977112724434051,0.83145214679679313,0.83145214679738222,0.12557555052692157,0.12557555052851746,-0.035784403424354176,-0.035784403422484637,-0.035784403424354176,-0.035784403422484637,0.91183997872257894,0.9118399787229019,-2.3916368938607162,-2.3916368938607122,-3.2078784073519273e-12,3.2012170692041764e-12,0.0014288269200492484,0.0014288269200496185,-1.8583225236401546e-16,1.8583225236401546e-16,2307,0,validated_negative_half_crossing: trajectory box reached the outer study limit; this is not an escape proof
63,30,r,0,0.8029177098061796,0.80291770980618049,0.78749999999999987,0.78750000000000031,1,0,1,0,1,validated_outer_limit_outward,validated_outer_limit_outward,1,-1,1.9206113697222982,1.9206113697350933,1.9206113697222982,1.9206113697350933,3.4578364329406028,3.4578364374621917,2.2485321733603874,2.2485322011158826,-5.1441140211941176,-5.1441139990682752,65.883334977529842,65.883335141245468,2.2360679769979397,2.2360679780016399,-2.3916368938607162,-2.3916368938607122,-1.5952435433064238e-05,1.5952417186326784e-05,0.0014288269200492484,0.0014288269200496185,-1.8583225236401546e-16,1.8583225236401546e-16,2307,0,validated_outer_limit_outward: trajectory box reached the outer study limit; this is not an escape proof
63,31,r,0,0.8029177098061796,0.80291770980618049,0.84374999999999978,0.84375000000000022,1,0,1,0,1,validated_outer_limit_outward,validated_negative_half_crossing,0,0,0.59764828174280593,0.59764828174768114,0.59764828174280593,0.59764828174768114,0.8273175123363542,0.82731751233686057,0.11361435028636564,0.11361435028771524,-0.029912412875322786,-0.029912412873719769,-0.029912412875322786,-0.029912412873719769,0.90956996011101543,0.90956996011129376,-2.3916368938607162,-2.3916368938607122,-2.7204904995414836e-12,2.7149393844183578e-12,0.0014288269200492484,0.0014288269200496185,-1.8594067258126401e-16,1.8604909279851256e-16,2304,0,validated_negative_half_crossing: trajectory box reached the outer study limit; this is not an escape proof
63,31,r,0,0.8029177098061796,0.80291770980618049,0.84374999999999978,0.84375000000000022,1,0,1,0,1,validated_outer_limit_outward,validated_outer_limit_outward,1,-1,1.9167176112622355,1.9167176112746374,1.9167176112622355,1.9167176112746374,3.4577703343148176,3.4577703388106031,2.2498170309386971,2.2498170582852617,-5.1434213229090355,-5.143421301049651,65.888629709401329,65.888629870137962,2.2360679770104226,2.236067977989157,-2.3916368938607162,-2.3916368938607122,-1.5636969692423008e-05,1.5636947864550166e-05,0.0014288269200492484,0.0014288269200496185,-1.8594067258126401e-16,1.8604909279851256e-16,2304,0,validated_outer_limit_outward: trajectory box reached the outer study limit; this is not an escape proof
63,32,r,0,0.8029177098061796,0.80291770980618049,0.89999999999999991,0.90000000000000013,1,0,1,0,1,validated_outer_limit_outward,validated_negative_half_crossing,0,0,0.51451166861901987,0.51451166862359654,0.51451166861901987,0.51451166862359654,0.82225340175327277,0.82225340175368455,0.098697313725627372,0.098697313726691438,-0.023010579726988067,-0.023010579725689918,-0.023010579726988067,-0.023010579725689918,0.90678189315472812,0.90678189315495517,-2.3916368938607162,-2.3916368938607122,-2.1751489498456067e-12,2.1707080577471061e-12,0.0014288269200492484,0.0014288269200496185,-1.8561541192951836e-16,1.8572383214676691e-16,2301,0,validated_negative_half_crossing: trajectory box reached the outer study limit; this is not an escape proof
63,32,r,0,0.8029177098061796,0.80291770980618049,0.89999999999999991,0.90000000000000013,1,0,1,0,1,validated_outer_limit_outward,validated_outer_limit_outward,1,-1,1.915630424363312,1.9156304243751268,1.915630424363312,1.9156304243751268,3.457655079717306,3.4576550839756046,2.251415882940083,2.2514159090233794,-5.1424934066120871,-5.1424933858073443,65.894842518124463,65.894842671834922,2.236067977029621,2.2360679779699586,-2.3916368938607162,-2.3916368938607122,-1.4971787095419131e-05,1.4971763846460817e-05,0.0014288269200492484,0.0014288269200496185,-1.8561541192951836e-16,1.8572383214676691e-16,2301,0,validated_outer_limit_outward: trajectory box reached the outer study limit; this is not an escape proof
64,0,r,0,0.80345523150331133,0.80345523150331233,-0.90000000000000013,-0.89999999999999991,1,0,1,0,1,validated_outer_limit_outward,validated_negative_half_crossing,0,0,1.5484269285073178,1.5484269285239987,1.5484269285073178,1.5484269285239987,0.8377619873536335,0.83776198735601926,0.13468172574172821,0.13468172574867565,-0.066959800912831963,-0.066959800904995287,-0.066959800912831963,-0.066959800904995287,0.91529338867580246,0.91529338867710563,-2.3916368938607162,-2.3916368938607122,-1.3266721055060771e-11,1.3252732244950494e-11,0.0015724168131589209,0.0015724168131593399,-2.1011838102769076e-16,2.1022680124493931e-16,3327,0,validated_negative_half_crossing: trajectory box reached the outer study limit; this is not an escape proof
64,0,r,0,0.80345523150331133,0.80345523150331233,-0.90000000000000013,-0.89999999999999991,1,0,1,0,1,validated_outer_limit_outward,validated_outer_limit_outward,1,-1,2.7681742706669001,2.7681742707113299,2.7681742706669001,2.7681742707113299,3.4436357375120821,3.4436357530426296,2.2339475190020432,2.2339476167193641,-5.1223636993166037,-5.1223636219957207,65.654995568524313,65.654996148893673,2.2360679756895658,2.2360679793100138,-2.3916368938607162,-2.3916368938607122,-5.6882640080857527e-05,5.6882624221543665e-05,0.0015724168131589209,0.0015724168131593399,-2.1011838102769076e-16,2.1022680124493931e-16,3327,0,validated_outer_limit_outward: trajectory box reached the outer study limit; this is not an escape proof
64,1,r,0,0.80345523150331133,0.80345523150331233,-0.84375000000000022,-0.84374999999999978,1,0,1,0,1,validated_outer_limit_outward,validated_negative_half_crossing,0,0,1.4925531228121689,1.4925531228266584,1.4925531228121689,1.4925531228266584,0.84227785151277945,0.84227785151505274,0.14763538348364863,0.14763538349029953,-0.072570269581354888,-0.072570269573899823,-0.072570269581354888,-0.072570269573899823,0.91775696756427816,0.91775696756551661,-2.3916368938607162,-2.3916368938607122,-1.2816858685482657e-11,1.280286987537238e-11,0.0015724168131589209,0.0015724168131593399,-2.1044364167943641e-16,2.1055206189668496e-16,3195,0,validated_negative_half_crossing: trajectory box reached the outer study limit; this is not an escape proof
64,1,r,0,0.80345523150331133,0.80345523150331233,-0.84375000000000022,-0.84374999999999978,1,0,1,0,1,validated_outer_limit_outward,validated_outer_limit_outward,1,-1,2.6583990591237736,2.6583990591620994,2.6583990591237736,2.6583990591620994,3.4433501724891196,3.4433501864471161,2.2312026423683493,2.2312027282346616,-5.1229945613856982,-5.1229944929764155,65.638963192538739,65.638963697566808,2.2360679759458475,2.2360679790537321,-2.3916368938607162,-2.3916368938607122,-4.9393997414881596e-05,4.9393982862966368e-05,0.0015724168131589209,0.0015724168131593399,-2.1044364167943641e-16,2.1055206189668496e-16,3195,0,validated_outer_limit_outward: trajectory box reached the outer study limit; this is not an escape proof
64,2,r,0,0.80345523150331133,0.80345523150331233,-0.78750000000000031,-0.78749999999999987,1,0,1,0,1,validated_outer_limit_outward,validated_negative_half_crossing,0,0,1.4469681460227477,1.4469681460357651,1.4469681460227477,1.4469681460357651,0.84578344477371192,0.8457834447758863,0.1577636785032536,0.15776367850965195,-0.076652428375991885,-0.076652428368864128,-0.076652428375991885,-0.076652428368864128,0.91966485459308056,0.91966485459426262,-2.3916368938607162,-2.3916368938607122,-1.2395640069939873e-11,1.2380763081409896e-11,0.0015724168131589209,0.0015724168131593399,-2.1033522146218786e-16,2.1044364167943641e-16,3093,0,validated_negative_half_crossing: trajectory box reached the outer study limit; this is not an escape proof
64,2,r,0,0.80345523150331133,0.80345523150331233,-0.78750000000000031,-0.78749999999999987,1,0,1,0,1,validated_outer_limit_outward,validated_outer_limit_outward,1,-1,2.5741927199031291,2.5741927199372276,2.5741927199031291,2.5741927199372276,3.4435567151908155,3.4435567269664262,2.2296175635849891,2.229617637671625,-5.1240934579624122,-5.124093399332815,65.633916170253286,65.633916610256648,2.2360679761260971,2.2360679788734825,-2.3916368938607162,-2.3916368938607122,-4.3131920733685547e-05,4.3131901463766553e-05,0.0015724168131589209,0.0015724168131593399,-2.1033522146218786e-16,2.1044364167943641e-16,3093,0,validated_outer_limit_outward: trajectory box reached the outer study limit; this is not an escape proof
64,3,r,0,0.80345523150331133,0.80345523150331233,-0.73125000000000018,-0.73124999999999973,1,0,1,0,1,validated_outer_limit_outward,validated_negative_half_crossing,0,0,1.4076761886684859,1.4076761886804123,1.4076761886684859,1.4076761886804123,0.848624579493368,0.84862457949545878,0.16603626081131734,0.16603626081749831,-0.079747453186522724,-0.07974745317967509,-0.079747453186522724,-0.07974745317967509,0.9212082172307019,0.92120821723183666,-2.3916368938607162,-2.3916368938607122,-1.2025713758134771e-11,1.2010614724999868e-11,0.0015724168131589209,0.0015724168131593399,-2.1022680124493931e-16,2.1044364167943641e-16,3012,0,validated_negative_half_crossing: trajectory box reached the outer study limit; this is not an escape proof
64,3,r,0,0.80345523150331133,0.80345523150331233,-0.73125000000000018,-0.73124999999999973,1,0,1,0,1,validated_outer_limit_outward,validated_outer_limit_outward,1,-1,2.505363239546528,2.5053632395775591,2.505363239546528,2.5053632395775591,3.4440358660049402,3.4440358769240436,2.2287358491182516,2.2287359170226284,-5.1254253907174157,-5.1254253367952147,65.635233782588116,65.635234183749517,2.2360679762552365,2.2360679787443432,-2.3916368938607162,-2.3916368938607122,-3.9298655110542313e-05,3.9298641524965205e-05,0.0015724168131589209,0.0015724168131593399,-2.1022680124493931e-16,2.1044364167943641e-16,3012,0,validated_outer_limit_outward: trajectory box reached the outer study limit; this is not an escape proof
64,4,r,0,0.80345523150331133,0.80345523150331233,-0.67500000000000027,-0.67499999999999982,1,0,1,0,1,validated_outer_limit_outward,validated_negative_half_crossing,0,0,1.3726775363320267,1.3726775363431047,1.3726775363320267,1.3726775363431047,0.85097374441489271,0.85097374441691032,0.17293722190984967,0.17293722191583463,-0.082122766585753473,-0.082122766579150436,-0.082122766585753473,-0.082122766579150436,0.92248238162844753,0.9224823816295411,-2.3916368938607162,-2.3916368938607122,-1.1691536627722598e-11,1.1675105326958146e-11,0.0015724168131589209,0.0015724168131593399,-2.1033522146218786e-16,2.1033522146218786e-16,2940,0,validated_negative_half_crossing: trajectory box reached the outer study limit; this is not an escape proof
64,4,r,0,0.80345523150331133,0.80345523150331233,-0.67500000000000027,-0.67499999999999982,1,0,1,0,1,validated_outer_limit_outward,validated_outer_limit_outward,1,-1,2.4469757157166381,2.4469757157454106,2.4469757157166381,2.4469757157454106,3.444679190042335,3.4446792006830109,2.2283265792171294,2.22832664378228,-5.1268765373259226,-5.1268764856696469,65.640607823628102,65.640608201459429,2.2360679763471865,2.2360679786523932,-2.3916368938607162,-2.3916368938607122,-3.6870301471481071e-05,3.6870279473077971e-05,0.0015724168131589209,0.0015724168131593399,-2.1033522146218786e-16,2.1033522146218786e-16,2940,0,validated_outer_limit_outward: trajectory box reached the outer study limit; this is not an escape proof
64,5,r,0,0.80345523150331133,0.80345523150331233,-0.61875000000000024,-0.6187499999999998,1,0,1,0,1,validated_outer_limit_outward,validated_negative_half_crossing,0,0,1.3407993390074633,1.3407993390178472,1.3407993390074633,1.3407993390178472,0.85293207630358647,0.8529320763055358,0.17875047210690681,0.17875047211270625,-0.083934027587741822,-0.083934027581368059,-0.083934027587741822,-0.083934027581368059,0.92354321842758746,0.92354321842864273,-2.3916368938607162,-2.3916368938607122,-1.1365575147692653e-11,1.1348477713113425e-11,0.0015724168131589209,0.0015724168131593399,-2.1022680124493931e-16,2.1033522146218786e-16,2880,0,validated_negative_half_crossing: trajectory box reached the outer study limit; this is not an escape proof
64,5,r,0,0.80345523150331133,0.80345523150331233,-0.61875000000000024,-0.6187499999999998,1,0,1,0,1,validated_outer_limit_outward,validated_outer_limit_outward,1,-1,2.3962149176591971,2.396214917685926,2.3962149176591971,2.396214917685926,3.4454241778541239,3.4454241872522466,2.2282534471173592,2.2282535053696115,-5.1283826154587553,-5.1283825691523566,65.648693167094635,65.648693510879028,2.236067976435264,2.2360679785643156,-2.3916368938607162,-2.3916368938607122,-3.365667970456343e-05,3.3656662537850934e-05,0.0015724168131589209,0.0015724168131593399,-2.1022680124493931e-16,2.1033522146218786e-16,2880,0,validated_outer_limit_outward: trajectory box reached the outer study limit; this is not an escape proof
64,6,r,0,0.80345523150331133,0.80345523150331233,-0.56250000000000022,-0.56249999999999978,1,0,1,0,1,validated_outer_limit_outward,validated_negative_half_crossing,0,0,1.3112820100259293,1.3112820100357541,1.3112820100259293,1.3112820100357541,0.85456488873341674,0.85456488873530523,0.18365928113270291,0.18365928113833643,-0.085281197244609086,-0.085281197238437564,-0.085281197244609086,-0.085281197238437564,0.92442678927723465,0.92442678927825606,-2.3916368938607162,-2.3916368938607122,-1.1068035377093111e-11,1.1051826120933583e-11,0.0015724168131589209,0.0015724168131593399,-2.1022680124493931e-16,2.1044364167943641e-16,2826,0,validated_negative_half_crossing: trajectory box reached the outer study limit; this is not an escape proof
64,6,r,0,0.80345523150331133,0.80345523150331233,-0.56250000000000022,-0.56249999999999978,1,0,1,0,1,validated_outer_limit_outward,validated_outer_limit_outward,1,-1,2.3513053926921197,2.3513053927172805,2.3513053926921197,2.3513053927172805,3.4462312596810607,3.4462312683667813,2.2284281371739705,2.2284281913974704,-5.129903790225721,-5.1299037472141169,65.658629356438311,65.658629677508884,2.2360679765010225,2.2360679784985571,-2.3916368938607162,-2.3916368938607122,-3.1450166204649577e-05,3.1450141307232116e-05,0.0015724168131589209,0.0015724168131593399,-2.1022680124493931e-16,2.1044364167943641e-16,2826,0,validated_outer_limit_outward: trajectory box reached the outer study limit; this is not an escape proof
64,7,r,0,0.80345523150331133,0.80345523150331233,-0.5062500000000002,-0.50624999999999976,1,0,1,0,1,validated_outer_limit_outward,validated_negative_half_crossing,0,0,1.2835980180224644,1.2835980180318325,1.2835980180224644,1.2835980180318325,0.85591712330991532,0.85591712331175007,0.18778960871988831,0.18778960872537231,-0.086232782676371744,-0.086232782670380828,-0.086232782676371744,-0.086232782670380828,0.92515789101640122,0.92515789101739276,-2.3916368938607162,-2.3916368938607122,-1.0799805494343673e-11,1.078293010436937e-11,0.0015724168131589209,0.0015724168131593399,-2.1022680124493931e-16,2.1022680124493931e-16,2778,0,validated_negative_half_crossing: trajectory box reached the outer study limit; this is not an escape proof
64,7,r,0,0.80345523150331133,0.80345523150331233,-0.5062500000000002,-0.50624999999999976,1,0,1,0,1,validated_outer_limit_outward,validated_outer_limit_outward,1,-1,2.311048232050986,2.3110482320748664,2.311048232050986,2.3110482320748664,3.4470737450835309,3.4470737532680897,2.2287897297290402,2.228789780924382,-5.1314137574671204,-5.1314137168809504,65.669830195975393,65.669830499447826,2.236067976554605,2.2360679784449746,-2.3916368938607162,-2.3916368938607122,-2.9726046705036424e-05,2.97260279467082e-05,0.0015724168131589209,0.0015724168131593399,-2.1022680124493931e-16,2.1022680124493931e-16,2778,0,validated_outer_limit_outward: trajectory box reached the outer study limit; this is not an escape proof
64,8,r,0,0.80345523150331133,0.80345523150331233,-0.45000000000000018,-0.4499999999999999,1,0,1,0,1,validated_outer_limit_outward,validated_negative_half_crossing,0,0,1.2573608748509146,1.2573608748598946,1.2573608748509146,1.2573608748598946,0.8570210794907418,0.85702107949252349,0.19123179816125124,0.19123179816658556,-0.086837906179405067,-0.086837906173594964,-0.086837906179405067,-0.086837906173594964,0.9257543299875739,0.92575432998853613,-2.3916368938607162,-2.3916368938607122,-1.0523582005816934e-11,1.0505818437422931e-11,0.0015724168131589209,0.0015724168131593399,-2.1022680124493931e-16,2.1000996081044221e-16,2733,0,validated_negative_half_crossing: trajectory box reached the outer study limit; this is not an escape proof
64,8,r,0,0.80345523150331133,0.80345523150331233,-0.45000000000000018,-0.4499999999999999,1,0,1,0,1,validated_outer_limit_outward,validated_outer_limit_outward,1,-1,2.2745925773081175,2.2745925773308935,2.2745925773081175,2.2745925773308935,3.447932773268771,3.4479327809982934,2.2292942599870949,2.2292943084876482,-5.1328943156703923,-5.1328942772563915,65.681877641953619,65.681877929918002,2.2360679766011855,2.2360679783983941,-2.3916368938607162,-2.3916368938607122,-2.8209099809828331e-05,2.8209079516727797e-05,0.0015724168131589209,0.0015724168131593399,-2.1022680124493931e-16,2.1000996081044221e-16,2733,0,validated_outer_limit_outward: trajectory box reached the outer study limit; this is not an escape proof
64,9,r,0,0.80345523150331133,0.80345523150331233,-0.39375000000000027,-0.39374999999999982,1,0,1,0,1,validated_outer_limit_outward,validated_negative_half_crossing,0,0,1.2322747707202772,1.2322747707288553,1.2322747707202772,1.2322747707288553,0.85790067662732217,0.85790067662904446,0.19405254369571073,0.19405254370087299,-0.087132932380941719,-0.087132932375329888,-0.087132932380941719,-0.087132932375329888,0.92622927864936455,0.92622927865029425,-2.3916368938607162,-2.3916368938607122,-1.0201395284070713e-11,1.0183853760281636e-11,0.0015724168131589209,0.0015724168131593399,-2.1011838102769076e-16,2.1044364167943641e-16,2691,0,validated_negative_half_crossing: trajectory box reached the outer study limit; this is not an escape proof
64,9,r,0,0.80345523150331133,0.80345523150331233,-0.39375000000000027,-0.39374999999999982,1,0,1,0,1,validated_outer_limit_outward,validated_outer_limit_outward,1,-1,2.2413113267200879,2.2413113267418532,2.2413113267200879,2.2413113267418532,3.4487945270459175,3.448794534933401,2.2299089026562799,2.2299089506146377,-5.1343323925980737,-5.1343323542499117,65.694462983038946,65.694463264167439,2.2360679766407578,2.2360679783588218,-2.3916368938607162,-2.3916368938607122,-2.7424027621236746e-05,2.7424009090282198e-05,0.0015724168131589209,0.0015724168131593399,-2.1011838102769076e-16,2.1044364167943641e-16,2691,0,validated_outer_limit_outward: trajectory box reached the outer study limit; this is not an escape proof
64,10,r,0,0.80345523150331133,0.80345523150331233,-0.33750000000000019,-0.33749999999999986,1,0,1,0,1,validated_outer_limit_outward,validated_negative_half_crossing,0,0,1.2081045591869077,1.2081045591951618,1.2081045591869077,1.2081045591951618,0.85857397704335237,0.85857397704502381,0.19630197605974081,0.19630197606475064,-0.087145378912218921,-0.087145378906779147,-0.087145378912218921,-0.087145378906779147,0.92659267051026928,0.92659267051117111,-2.3916368938607162,-2.3916368938607122,-9.9211749926553239e-12,9.9029673350514713e-12,0.0015724168131589209,0.0015724168131593399,-2.1000996081044221e-16,2.1022680124493931e-16,2658,0,validated_negative_half_crossing: trajectory box reached the outer study limit; this is not an escape proof
64,10,r,0,0.80345523150331133,0.80345523150331233,-0.33750000000000019,-0.33749999999999986,1,0,1,0,1,validated_outer_limit_outward,validated_outer_limit_outward,1,-1,2.2107284150829889,2.2107284151038029,2.2107284150829889,2.2107284151038029,3.4496485845166363,3.4496485916821893,2.2306085019051234,2.2306085464671312,-5.1357182920874962,-5.135718256697591,65.707351871880206,65.707352135539281,2.2360679766816522,2.2360679783179274,-2.3916368938607162,-2.3916368938607122,-2.5798194144499575e-05,2.5798181638947426e-05,0.0015724168131589209,0.0015724168131593399,-2.1000996081044221e-16,2.1022680124493931e-16,2658,0,validated_outer_limit_outward: trajectory box reached the outer study limit; this is not an escape proof
64,11,r,0,0.80345523150331133,0.80345523150331233,-0.28125000000000022,-0.28124999999999978,1,0,1,0,1,validated_outer_limit_outward,validated_negative_half_crossing,0,0,1.184656753382338,1.1846567533903496,1.184656753382338,1.1846567533903496,0.85905476099442368,0.85905476099605105,0.19801808356149539,0.19801808356637673,-0.08689635288188266,-0.086896352876591573,-0.08689635288188266,-0.086896352876591573,0.92685207071809672,0.92685207071897457,-2.3916368938607162,-2.3916368938607122,-9.6742613919786891e-12,9.6569419127945366e-12,0.0015724168131589209,0.0015724168131593399,-2.1011838102769076e-16,2.1011838102769076e-16,2622,0,validated_negative_half_crossing: trajectory box reached the outer study limit; this is not an escape proof
64,11,r,0,0.80345523150331133,0.80345523150331233,-0.28125000000000022,-0.28124999999999978,1,0,1,0,1,validated_outer_limit_outward,validated_outer_limit_outward,1,-1,2.1824737976807906,2.1824737977009172,2.1824737976807906,2.1824737977009172,3.4504868844680332,3.4504868914549749,2.2313733714261761,2.2313734146512911,-5.1370446155706588,-5.1370445811883343,65.720362317451006,65.720362572682063,2.2360679767105176,2.236067978289062,-2.3916368938607162,-2.3916368938607122,-2.495510358357933e-05,2.4955081869393325e-05,0.0015724168131589209,0.0015724168131593399,-2.1011838102769076e-16,2.1011838102769076e-16,2622,0,validated_outer_limit_outward: trajectory box reached the outer study limit; this is not an escape proof
64,12,r,0,0.80345523150331133,0.80345523150331233,-0.22500000000000014,-0.22499999999999981,1,0,1,0,1,validated_outer_limit_outward,validated_negative_half_crossing,0,0,1.1617668368010543,1.1617668368088021,1.1617668368010543,1.1617668368088021,0.85935354885340254,0.85935354885498016,0.19922957760690585,0.1992295776116372,-0.086402132270060855,-0.086402132264937342,-0.086402132270060855,-0.086402132264937342,0.92701324092668846,0.92701324092753934,-2.3916368938607162,-2.3916368938607122,-9.3871577178106236e-12,9.3705043724412462e-12,0.0015724168131589209,0.0015724168131593399,-2.0979312037594511e-16,2.1000996081044221e-16,2589,0,validated_negative_half_crossing: trajectory box reached the outer study limit; this is not an escape proof
64,12,r,0,0.80345523150331133,0.80345523150331233,-0.22500000000000014,-0.22499999999999981,1,0,1,0,1,validated_outer_limit_outward,validated_outer_limit_outward,1,-1,2.1562543031191379,2.1562543031386379,2.1562543031191379,2.1562543031386379,3.4513030537103866,3.4513030608227506,2.232187860215713,2.2321879032181822,-5.1383055470745767,-5.138305512629902,65.733350302300593,65.733350554057168,2.2360679767340135,2.2360679782655661,-2.3916368938607162,-2.3916368938607122,-2.4513868595477106e-05,2.4513849837148882e-05,0.0015724168131589209,0.0015724168131593399,-2.0979312037594511e-16,2.1000996081044221e-16,2589,0,validated_outer_limit_outward: trajectory box reached the outer study limit; this is not an escape proof
64,13,r,0,0.80345523150331133,0.80345523150331233,-0.16875000000000023,-0.16874999999999984,1,0,1,0,1,validated_outer_limit_outward,validated_negative_half_crossing,0,0,1.139290348922352,1.139290348929866,1.139290348922352,1.139290348929866,0.85947828213973554,0.85947828214126476,0.19995779630831734,0.19995779631290037,-0.085675222909907575,-0.085675222904947806,-0.085675222909907575,-0.085675222904947806,0.92708051545684833,0.927080515457673,-2.3916368938607162,-2.3916368938607122,-9.1020524450868834e-12,9.0856211443224311e-12,0.0015724168131589209,0.0015724168131593399,-2.1000996081044221e-16,2.1000996081044221e-16,2562,0,validated_negative_half_crossing: trajectory box reached the outer study limit; this is not an escape proof
64,13,r,0,0.80345523150331133,0.80345523150331233,-0.16875000000000023,-0.16874999999999984,1,0,1,0,1,validated_outer_limit_outward,validated_outer_limit_outward,1,-1,2.13183406131383,2.1318340613325959,2.13183406131383,2.1318340613325959,3.4520919487679,3.4520919551641156,2.2330393698812703,2.2330394097263255,-5.1394963757150274,-5.1394963440874353,65.746199983682416,65.746200219757071,2.2360679767666216,2.236067978232958,-2.3916368938607162,-2.3916368938607122,-2.3090517970558722e-05,2.3090496313216136e-05,0.0015724168131589209,0.0015724168131593399,-2.1000996081044221e-16,2.1000996081044221e-16,2562,0,validated_outer_limit_outward: trajectory box reached the outer study limit; this is not an escape proof
64,14,r,0,0.80345523150331133,0.80345523150331233,-0.11250000000000016,-0.11249999999999977,1,0,1,0,1,validated_outer_limit_outward,validated_negative_half_crossing,0,0,1.1170962818159471,1.1170962818232568,1.1170962818159471,1.1170962818232568,0.85943478275119611,0.85943478275267904,0.20021798079137376,0.20021798079581243,-0.084725077442082547,-0.084725077437278792,-0.084725077442082547,-0.084725077437278792,0.92705705474431088,0.92705705474511058,-2.3916368938607162,-2.3916368938607122,-8.8258289565601444e-12,8.808287432771067e-12,0.0015724168131589209,0.0015724168131593399,-2.0979312037594511e-16,2.1011838102769076e-16,2532,0,validated_negative_half_crossing: trajectory box reached the outer study limit; this is not an escape proof
64,14,r,0,0.80345523150331133,0.80345523150331233,-0.11250000000000016,-0.11249999999999977,1,0,1,0,1,validated_outer_limit_outward,validated_outer_limit_outward,1,-1,2.1090209654525469,2.1090209654708354,2.1090209654525469,2.1090209654708354,3.4528493332812178,3.4528493399203737,2.2339176624595276,2.2339177026169761,-5.1406131660403895,-5.1406131338786283,65.758816815240849,65.758817050458219,2.2360679767842453,2.2360679782153343,-2.3916368938607162,-2.3916368938607122,-2.2897960263890127e-05,2.2897933376953006e-05,0.0015724168131589209,0.0015724168131593399,-2.0979312037594511e-16,2.1011838102769076e-16,2532,0,validated_outer_limit_outward: trajectory box reached the outer study limit; this is not an escape proof
64,15,r,0,0.80345523150331133,0.80345523150331233,-0.056250000000000133,-0.0562499999999998,1,0,1,0,1,validated_outer_limit_outward,validated_negative_half_crossing,0,0,1.0950618890784476,1.0950618890855912,1.0950618890784476,1.0950618890855912,0.85922706025253026,0.859227060253971,0.20002011961648447,0.200020119620791,-0.083558585603569352,-0.08355858559890883,-0.083558585603569352,-0.08355858559890883,0.9269450146867021,0.92694501468747914,-2.3916368938607162,-2.3916368938607122,-8.567591081032333e-12,8.5522700032925059e-12,0.0015724168131589209,0.0015724168131593399,-2.1011838102769076e-16,2.0990154059319366e-16,2511,0,validated_negative_half_crossing: trajectory box reached the outer study limit; this is not an escape proof
64,15,r,0,0.80345523150331133,0.80345523150331233,-0.056250000000000133,-0.0562499999999998,1,0,1,0,1,validated_outer_limit_outward,validated_outer_limit_outward,1,-1,2.0876570813161965,2.0876570813339455,2.0876570813161965,2.0876570813339455,3.4535716503068463,3.453571656357179,2.2348143841402033,2.2348144217656838,-5.1416525018461545,-5.1416524719650267,65.771122689671202,65.771122912514571,2.2360679768086249,2.2360679781909547,-2.3916368938607162,-2.3916368938607122,-2.1785120168260619e-05,2.1785095270843158e-05,0.0015724168131589209,0.0015724168131593399,-2.1011838102769076e-16,2.0990154059319366e-16,2511,0,validated_outer_limit_outward: trajectory box reached the outer study limit; this is not an escape proof
64,16,r,0,0.80345523150331133,0.80345523150331233,-1.1102230246251565e-16,1.1102230246251565e-16,1,0,1,0,1,validated_outer_limit_outward,validated_negative_half_crossing,0,0,1.073068313949872,1.0730683139568675,1.073068313949872,1.0730683139568675,0.85885750881933431,0.85885750882073064,0.19936947704105204,0.19936947704522295,-0.082180401597680322,-0.08218040159316882,-0.082180401597680322,-0.08218040159316882,0.92674565486941152,0.9267456548701648,-2.3916368938607162,-2.3916368938607122,-8.2951423507893196e-12,8.2780449162100922e-12,0.0015724168131589209,0.0015724168131593399,-2.0990154059319366e-16,2.0979312037594511e-16,2484,0,validated_negative_half_crossing: trajectory box reached the outer study limit; this is not an escape proof
64,16,r,0,0.80345523150331133,0.80345523150331233,-1.1102230246251565e-16,1.1102230246251565e-16,1,0,1,0,1,validated_outer_limit_outward,validated_outer_limit_outward,1,-1,2.067611727133102,2.0676117271505117,2.067611727133102,2.0676117271505117,3.4542558480046437,3.4542558543206896,2.2357227018042791,2.235722739956473,-5.1426113129102191,-5.1426112823423367,65.78305230493531,65.783052528391281,2.2360679768209173,2.2360679781786623,-2.3916368938607162,-2.3916368938607122,-2.1738410282523546e-05,2.1738389250458567e-05,0.0015724168131589209,0.0015724168131593399,-2.0990154059319366e-16,2.0979312037594511e-16,2484,0,validated_outer_limit_outward: trajectory box reached the outer study limit; this is not an escape proof
64,17,r,0,0.80345523150331133,0.80345523150331233,0.0562499999999998,0.056250000000000133,1,0,1,0,1,validated_outer_limit_outward,validated_negative_half_crossing,0,0,1.0509966061667779,1.0509966061735703,1.0509966061667779,1.0509966061735703,0.85832701819079926,0.85832701819214308,0.19826687191958489,0.19826687192359124,-0.080593148058238098,-0.080593148053901553,-0.080593148058238098,-0.080593148053901553,0.92645939910543262,0.92645939910615782,-2.3916368938607162,-2.3916368938607122,-7.9698470045741487e-12,7.9529716145998464e-12,0.0015724168131589209,0.0015724168131593399,-2.1011838102769076e-16,2.0990154059319366e-16,2463,0,validated_negative_half_crossing: trajectory box reached the outer study limit; this is not an escape proof
64,17,r,0,0.80345523150331133,0.80345523150331233,0.0562499999999998,0.056250000000000133,1,0,1,0,1,validated_outer_limit_outward,validated_outer_limit_outward,1,-1,2.0487764190194238,2.0487764190362356,2.0487764190194238,2.0487764190362356,3.4548992534931928,3.4548992592700531,2.236637062729891,2.2366370984727557,-5.1434867163869749,-5.1434866879578216,65.794550563161764,65.794550774462721,2.2360679768467291,2.2360679781528505,-2.3916368938607162,-2.3916368938607122,-2.0639224885599106e-05,2.063920771888661e-05,0.0015724168131589209,0.0015724168131593399,-2.1011838102769076e-16,2.0990154059319366e-16,2463,0,validated_outer_limit_outward: trajectory box reached the outer study limit; this is not an escape proof
64,18,r,0,0.80345523150331133,0.80345523150331233,0.11249999999999977,0.11250000000000016,1,0,1,0,1,validated_outer_limit_outward,validated_negative_half_crossing,0,0,1.0287237725847416,1.0287237725913341,1.0287237725847416,1.0287237725913341,0.85763501150743271,0.85763501150872434,0.19670874108389327,0.1967087410877312,-0.078797519133709526,-0.078797519129545843,-0.078797519133709526,-0.078797519129545843,0.92608585536516685,0.92608585536586419,-2.3916368938607162,-2.3916368938607122,-7.6438855245442028e-12,7.6278983129896005e-12,0.0015724168131589209,0.0015724168131593399,-2.0979312037594511e-16,2.1011838102769076e-16,2442,0,validated_negative_half_crossing: trajectory box reached the outer study limit; this is not an escape proof
64,18,r,0,0.80345523150331133,0.80345523150331233,0.11249999999999977,0.11250000000000016,1,0,1,0,1,validated_outer_limit_outward,validated_outer_limit_outward,1,-1,2.0310611640041389,2.0310611640204499,2.0310611640041389,2.0310611640204499,3.4554994688817553,3.455499474381194,2.2375530058232553,2.2375530401577679,-5.1442759047164515,-5.1442758774818129,65.805570546105812,65.805570749911737,2.2360679768663227,2.2360679781332569,-2.3916368938607162,-2.3916368938607122,-1.9922437331842957e-05,1.992241720927268e-05,0.0015724168131589209,0.0015724168131593399,-2.0979312037594511e-16,2.1011838102769076e-16,2442,0,validated_outer_limit_outward: trajectory box reached the outer study limit; this is not an escape proof
64,19,r,0,0.80345523150331133,0.80345523150331233,0.16874999999999984,0.16875000000000023,1,0,1,0,1,validated_outer_limit_outward,validated_negative_half_crossing,0,0,1.0061185191755091,1.0061185191819115,1.0061185191755091,1.0061185191819115,0.85677941424723159,0.85677941424847026,0.19468699566046951,0.19468699566413669,-0.076792293000263648,-0.076792292996276129,-0.076792293000263648,-0.076792292996276129,0.92562379736436751,0.92562379736503653,-2.3916368938607162,-2.3916368938607122,-7.3101524833418807e-12,7.2946093609971285e-12,0.0015724168131589209,0.0015724168131593399,-2.1000996081044221e-16,2.1000996081044221e-16,2421,0,validated_negative_half_crossing: trajectory box reached the outer study limit; this is not an escape proof
64,19,r,0,0.80345523150331133,0.80345523150331233,0.16874999999999984,0.16875000000000023,1,0,1,0,1,validated_outer_limit_outward,validated_outer_limit_outward,1,-1,2.0143917651794783,2.0143917651953429,2.0143917651794783,2.0143917651953429,3.4560542921824102,3.4560542977347266,2.2384670504193864,2.2384670844857548,-5.1449760298726108,-5.1449760027084999,65.81607207448009,65.816072275224315,2.236067976883017,2.2360679781165627,-2.3916368938607162,-2.3916368938607122,-1.9581490334985574e-05,1.9581474930419063e-05,0.0015724168131589209,0.0015724168131593399,-2.1000996081044221e-16,2.1000996081044221e-16,2421,0,validated_outer_limit_outward: trajectory box reached the outer study limit; this is not an escape proof
64,20,r,0,0.80345523150331133,0.80345523150331233,0.22499999999999981,0.22500000000000014,1,0,1,0,1,validated_outer_limit_outward,validated_negative_half_crossing,0,0,0.9830362968086942,0.98303629681492821,0.9830362968086942,0.98303629681492821,0.85575655069148826,0.85575655069267498,0.19218865533196261,0.19218865533546312,-0.074574253880741792,-0.074574253876926566,-0.074574253880741792,-0.074574253876926566,0.92507110574889773,0.9250711057495391,-2.3916368938607162,-2.3916368938607122,-6.9813044234479094e-12,6.9657613011031572e-12,0.0015724168131589209,0.0015724168131593399,-2.0979312037594511e-16,2.1000996081044221e-16,2403,0,validated_negative_half_crossing: trajectory box reached the outer study limit; this is not an escape proof
64,20,r,0,0.80345523150331133,0.80345523150331233,0.22499999999999981,0.22500000000000014,1,0,1,0,1,validated_outer_limit_outward,validated_outer_limit_outward,1,-1,1.9987079264380472,1.9987079264534924,1.9987079264380472,1.9987079264534924,3.4565616500160172,3.4565616553986307,2.2393766293769515,2.2393766624682137,-5.1455840996583326,-5.1455840732880338,65.826020632132938,65.826020827314366,2.236067976899363,2.2360679781002166,-2.3916368938607162,-2.3916368938607122,-1.9041976145217632e-05,1.9041955681586842e-05,0.0015724168131589209,0.0015724168131593399,-2.0979312037594511e-16,2.1000996081044221e-16,2403,0,validated_outer_limit_outward: trajectory box reached the outer study limit; this is not an escape proof
64,21,r,0,0.80345523150331133,0.80345523150331233,0.28124999999999978,0.28125000000000022,1,0,1,0,1,validated_outer_limit_outward,validated_negative_half_crossing,0,0,0.95931314903483678,0.95931314904091769,0.95931314903483678,0.95931314904091769,0.85456095581446512,0.85456095581559843,0.18919521910033524,0.18919521910366835,-0.072138013246620586,-0.072138013242979748,-0.072138013246620586,-0.072138013242979748,0.92442466205443974,0.92442466205505269,-2.3916368938607162,-2.3916368938607122,-6.6435745793569367e-12,6.6282535016171096e-12,0.0015724168131589209,0.0015724168131593399,-2.1011838102769076e-16,2.1011838102769076e-16,2385,0,validated_negative_half_crossing: trajectory box reached the outer study limit; this is not an escape proof
64,21,r,0,0.80345523150331133,0.80345523150331233,0.28124999999999978,0.28125000000000022,1,0,1,0,1,validated_outer_limit_outward,validated_outer_limit_outward,1,-1,1.9839620344808586,1.9839620344959026,1.9839620344808586,1.9839620344959026,3.4570195392133032,3.4570195442226739,2.2402800714757487,2.2402801029385446,-5.1460968716153195,-5.1460968467042756,65.835386629729854,65.835386817066052,2.2360679769155909,2.2360679780839887,-2.3916368938607162,-2.3916368938607122,-1.831462384416227e-05,1.8314609064873366e-05,0.0015724168131589209,0.0015724168131593399,-2.1011838102769076e-16,2.1011838102769076e-16,2385,0,validated_outer_limit_outward: trajectory box reached the outer study limit; this is not an escape proof
64,22,r,0,0.80345523150331133,0.80345523150331233,0.33749999999999986,0.33750000000000019,1,0,1,0,1,validated_outer_limit_outward,validated_negative_half_crossing,0,0,0.93475764494514268,0.93475764495108238,0.93475764494514268,0.93475764495108238,0.85318507930546306,0.85318507930654353,0.18568169572971086,0.18568169573287505,-0.069475707062186462,-0.069475707058721137,-0.069475707062186462,-0.069475707058721137,0.9236801823712919,0.92368018237187677,-2.3916368938607162,-2.3916368938607122,-6.3054006460561141e-12,6.2911897913409121e-12,0.0015724168131589209,0.0015724168131593399,-2.1000996081044221e-16,2.1022680124493931e-16,2367,0,validated_negative_half_crossing: trajectory box reached the outer study limit; this is not an escape proof
64,22,r,0,0.80345523150331133,0.80345523150331233,0.33749999999999986,0.33750000000000019,1,0,1,0,1,validated_outer_limit_outward,validated_outer_limit_outward,1,-1,1.9701185717524539,1.9701185717671497,1.9701185717524539,1.9701185717671497,3.4574259747746274,3.4574259798152918,2.2411766406325353,2.2411766718427626,-5.1465107324116763,-5.1465107075943592,65.844144997375977,65.844145182055442,2.2360679769291312,2.2360679780704484,-2.3916368938607162,-2.3916368938607122,-1.8029246007245092e-05,1.8029225088866951e-05,0.0015724168131589209,0.0015724168131593399,-2.1000996081044221e-16,2.1022680124493931e-16,2367,0,validated_outer_limit_outward: trajectory box reached the outer study limit; this is not an escape proof
64,23,r,0,0.80345523150331133,0.80345523150331233,0.39374999999999982,0.39375000000000027,1,0,1,0,1,validated_outer_limit_outward,validated_negative_half_crossing,0,0,0.90913979745919715,0.90913979746500284,0.90913979745919715,0.90913979746500284,0.8516188417474313,0.8516188417484607,0.18161516361318059,0.18161516361617608,-0.066576527531634094,-0.066576527528336107,-0.066576527531634094,-0.066576527528336107,0.92283196831678482,0.92283196831734249,-2.3916368938607162,-2.3916368938607122,-5.9781068983966179e-12,5.9641180882863409e-12,0.0015724168131589209,0.0015724168131593399,-2.1011838102769076e-16,2.1044364167943641e-16,2352,0,validated_negative_half_crossing: trajectory box reached the outer study limit; this is not an escape proof
64,23,r,0,0.80345523150331133,0.80345523150331233,0.39374999999999982,0.39375000000000027,1,0,1,0,1,validated_outer_limit_outward,validated_outer_limit_outward,1,-1,1.9571541918269169,1.9571541918412971,1.9571541918269169,1.9571541918412971,3.4577789415364033,3.4577789465107189,2.2420666455738885,2.2420666762594998,-5.1468215504064752,-5.1468215259793668,65.852275135599214,65.852275316903189,2.2360679769410141,2.2360679780585655,-2.3916368938607162,-2.3916368938607122,-1.7690436152406619e-05,1.7690413756099588e-05,0.0015724168131589209,0.0015724168131593399,-2.1011838102769076e-16,2.1044364167943641e-16,2352,0,validated_outer_limit_outward: trajectory box reached the outer study limit; this is not an escape proof
64,24,r,0,0.80345523150331133,0.80345523150331233,0.4499999999999999,0.45000000000000018,1,0,1,0,1,validated_outer_limit_outward,validated_negative_half_crossing,0,0,0.88217518317040255,0.88217518317604837,0.88217518317040255,0.88217518317604837,0.84984897576591278,0.84984897576688434,0.1769526420497822,0.17695264205258934,-0.063426018439833531,-0.063426018436724046,-0.063426018439833531,-0.063426018436724046,0.92187253770025757,0.92187253770078448,-2.3916368938607162,-2.3916368938607122,-5.6108451218506161e-12,5.5977444901600393e-12,0.0015724168131589209,0.0015724168131593399,-2.1022680124493931e-16,2.1000996081044221e-16,2337,0,validated_negative_half_crossing: trajectory box reached the outer study limit; this is not an escape proof
64,24,r,0,0.80345523150331133,0.80345523150331233,0.4499999999999999,0.45000000000000018,1,0,1,0,1,validated_outer_limit_outward,validated_outer_limit_outward,1,-1,1.9450585882123654,1.9450585882263667,1.9450585882123654,1.9450585882263667,3.4580763444459479,3.4580763492608622,2.2429516366494684,2.24295166644578,-5.1470244936545893,-5.1470244699584224,65.859761282119621,65.859761458419186,2.2360679769553822,2.2360679780441974,-2.3916368938607162,-2.3916368938607122,-1.7207148005127237e-05,1.7207129019425338e-05,0.0015724168131589209,0.0015724168131593399,-2.1022680124493931e-16,2.1000996081044221e-16,2337,0,validated_outer_limit_outward: trajectory box reached the outer study limit; this is not an escape proof
64,25,r,0,0.80345523150331133,0.80345523150331233,0.50624999999999976,0.5062500000000002,1,0,1,0,1,validated_outer_limit_outward,validated_negative_half_crossing,0,0,0.85350121787009159,0.85350121787562017,0.85350121787009159,0.85350121787562017,0.84785803745601196,0.84785803745692934,0.17163790205619064,0.17163790205882251,-0.060005012510737643,-0.060005012507805891,-0.060005012510737643,-0.060005012507805891,0.92079207069566582,0.92079207069616387,-2.3916368938607162,-2.3916368938607122,-5.2644555381675673e-12,5.2520210402917655e-12,0.0015724168131589209,0.0015724168131593399,-2.1022680124493931e-16,2.1022680124493931e-16,2325,0,validated_negative_half_crossing: trajectory box reached the outer study limit; this is not an escape proof
64,25,r,0,0.80345523150331133,0.80345523150331233,0.50624999999999976,0.5062500000000002,1,0,1,0,1,validated_outer_limit_outward,validated_outer_limit_outward,1,-1,1.9338364407834452,1.9338364407971658,1.9338364407834452,1.9338364407971658,3.4583159576832032,3.4583159624202242,2.2438347441902597,2.2438347734557285,-5.1471137798167321,-5.1471137565313327,65.866593510861847,65.866593683906103,2.2360679769661127,2.2360679780334669,-2.3916368938607162,-2.3916368938607122,-1.6884998046862165e-05,1.6884979004316847e-05,0.0015724168131589209,0.0015724168131593399,-2.1022680124493931e-16,2.1022680124493931e-16,2325,0,validated_outer_limit_outward: trajectory box reached the outer study limit; this is not an escape proof
64,26,r,0,0.80345523150331133,0.80345523150331233,0.56249999999999978,0.56250000000000022,1,0,1,0,1,validated_outer_limit_outward,validated_negative_half_crossing,0,0,0.82264010204507354,0.82264010205047278,0.82264010204507354,0.82264010205047278,0.84562288513116901,0.8456228851320261,0.16559655811496957,0.16559655811741364,-0.056287995776747653,-0.056287995774009496,-0.056287995776747653,-0.056287995774009496,0.91957755797494811,0.91957755797541407,-2.3916368938607162,-2.3916368938607122,-4.8852033529556138e-12,4.8736570334995122e-12,0.0015724168131589209,0.0015724168131593399,-2.1022680124493931e-16,2.1044364167943641e-16,2313,0,validated_negative_half_crossing: trajectory box reached the outer study limit; this is not an escape proof
64,26,r,0,0.80345523150331133,0.80345523150331233,0.56249999999999978,0.56250000000000022,1,0,1,0,1,validated_outer_limit_outward,validated_outer_limit_outward,1,-1,1.9235109948102342,1.9235109948236546,1.9235109948102342,1.9235109948236546,3.4584953694886895,3.4584953742109339,2.2447212408933575,2.2447212698177204,-5.1470823191762198,-5.1470822961025338,65.872769729770738,65.872769900200637,2.2360679769773579,2.2360679780222217,-2.3916368938607162,-2.3916368938607122,-1.6609109877663286e-05,1.6609087936103606e-05,0.0015724168131589209,0.0015724168131593399,-2.1022680124493931e-16,2.1044364167943641e-16,2313,0,validated_outer_limit_outward: trajectory box reached the outer study limit; this is not an escape proof
64,27,r,0,0.80345523150331133,0.80345523150331233,0.6187499999999998,0.61875000000000024,1,0,1,0,1,validated_outer_limit_outward,validated_negative_half_crossing,0,0,0.78893793805289369,0.78893793805819035,0.78893793805289369,0.78893793805819035,0.84311224721954858,0.84311224722034894,0.15872821159217912,0.15872821159444031,-0.052240499528860306,-0.052240499526306904,-0.052240499528860306,-0.052240499526306904,0.9182114392772226,0.91821143927765836,-2.3916368938607162,-2.3916368938607122,-4.5261572267918382e-12,4.5148329519406616e-12,0.0015724168131589209,0.0015724168131593399,-2.1022680124493931e-16,2.1033522146218786e-16,2301,0,validated_negative_half_crossing: trajectory box reached the outer study limit; this is not an escape proof
64,27,r,0,0.80345523150331133,0.80345523150331233,0.6187499999999998,0.61875000000000024,1,0,1,0,1,validated_outer_limit_outward,validated_outer_limit_outward,1,-1,1.9141303580067617,1.9141303580199456,1.9141303580067617,1.9141303580199456,3.4586119210894761,3.4586119256104673,2.2456194900412463,2.2456195180907494,-5.1469211773201922,-5.1469211550302481,65.878299413627715,65.878299579847791,2.2360679769861767,2.236067978013403,-2.3916368938607162,-2.3916368938607122,-1.6218570351611561e-05,1.6218550854318892e-05,0.0015724168131589209,0.0015724168131593399,-2.1022680124493931e-16,2.1033522146218786e-16,2301,0,validated_outer_limit_outward: trajectory box reached the outer study limit; this is not an escape proof
64,28,r,0,0.80345523150331133,0.80345523150331233,0.67499999999999982,0.67500000000000027,1,0,1,0,1,validated_outer_limit_outward,validated_negative_half_crossing,0,0,0.75145840393510821,0.75145840394026953,0.75145840393510821,0.75145840394026953,0.84028262525530673,0.84028262525604402,0.15089318917147063,0.15089318917352681,-0.047814726769191143,-0.0478147267668435,-0.047814726769191143,-0.0478147267668435,0.91666931074150548,0.91666931074190761,-2.3916368938607162,-2.3916368938607122,-4.1313619192351325e-12,4.120925822803656e-12,0.0015724168131589209,0.0015724168131593399,-2.1033522146218786e-16,2.1033522146218786e-16,2289,0,validated_negative_half_crossing: trajectory box reached the outer study limit; this is not an escape proof
64,28,r,0,0.80345523150331133,0.80345523150331233,0.67499999999999982,0.67500000000000027,1,0,1,0,1,validated_outer_limit_outward,validated_outer_limit_outward,1,-1,1.9057787426575139,1.9057787426704447,1.9057787426575139,1.9057787426704447,3.4586626406877166,3.4586626453697473,2.2465426133664708,2.2465426417302972,-5.1466187141510593,-5.1466186914486229,65.883210650206436,65.883210816710317,2.2360679769939393,2.2360679780056403,-2.3916368938607162,-2.3916368938607122,-1.6184714297651226e-05,1.6184699575205741e-05,0.0015724168131589209,0.0015724168131593399,-2.1033522146218786e-16,2.1033522146218786e-16,2289,0,validated_outer_limit_outward: trajectory box reached the outer study limit; this is not an escape proof
64,29,r,0,0.80345523150331133,0.80345523150331233,0.73124999999999973,0.73125000000000018,1,0,1,0,1,validated_outer_limit_outward,validated_negative_half_crossing,0,0,0.70878219322401881,0.70878219322905212,0.70878219322401881,0.70878219322905212,0.83707089001961732,0.83707089002028778,0.14188851214052453,0.14188851214237194,-0.042941694772901121,-0.042941694770768965,-0.042941694772901121,-0.042941694770768965,0.91491578302028287,0.91491578302064924,-2.3916368938607162,-2.3916368938607122,-3.7181369094696493e-12,3.709477169877573e-12,0.0015724168131589209,0.0015724168131593399,-2.1022680124493931e-16,2.1044364167943641e-16,2283,0,validated_negative_half_crossing: trajectory box reached the outer study limit; this is not an escape proof
64,29,r,0,0.80345523150331133,0.80345523150331233,0.73124999999999973,0.73125000000000018,1,0,1,0,1,validated_outer_limit_outward,validated_outer_limit_outward,1,-1,1.8985976045437503,1.8985976045563457,1.8985976045437503,1.8985976045563457,3.458644185903029,3.4586441901668783,2.2475116302948077,2.2475116569572391,-5.1461590873217915,-5.146159066184909,65.887564127948821,65.887564286494609,2.2360679770076568,2.2360679779919228,-2.3916368938607162,-2.3916368938607122,-1.5480467084216798e-05,1.5480453782856785e-05,0.0015724168131589209,0.0015724168131593399,-2.1022680124493931e-16,2.1044364167943641e-16,2283,0,validated_outer_limit_outward: trajectory box reached the outer study limit; this is not an escape proof
64,30,r,0,0.80345523150331133,0.80345523150331233,0.78749999999999987,0.78750000000000031,1,0,1,0,1,validated_outer_limit_outward,validated_negative_half_crossing,0,0,0.65858791351944335,0.65858791352430068,0.65858791351944335,0.65858791352430068,0.8333795501448793,0.83337955014547216,0.13139991771054729,0.13139991771216297,-0.037515708851826035,-0.037515708849943333,-0.037515708851826035,-0.037515708849943333,0.91289624281452675,0.91289624281485138,-2.3916368938607162,-2.3916368938607122,-3.2498448376827582e-12,3.2418512319054571e-12,0.0015724168131589209,0.0015724168131593399,-2.1033522146218786e-16,2.1044364167943641e-16,2274,0,validated_negative_half_crossing: trajectory box reached the outer study limit; this is not an escape proof
64,30,r,0,0.80345523150331133,0.80345523150331233,0.78749999999999987,0.78750000000000031,1,0,1,0,1,validated_outer_limit_outward,validated_outer_limit_outward,1,-1,1.8928290300949109,1.8928290301071795,1.8928290300949109,1.8928290301071795,3.4585528374061267,3.4585528418590381,2.2485619226562545,2.2485619496649876,-5.1455194082378553,-5.1455193866290934,65.891483274072584,65.891483432680204,2.2360679770176985,2.2360679779818811,-2.3916368938607162,-2.3916368938607122,-1.5420829470258468e-05,1.5420811109834176e-05,0.0015724168131589209,0.0015724168131593399,-2.1033522146218786e-16,2.1044364167943641e-16,2274,0,validated_outer_limit_outward: trajectory box reached the outer study limit; this is not an escape proof
64,31,r,0,0.80345523150331133,0.80345523150331233,0.84374999999999978,0.84375000000000022,1,0,1,0,1,validated_outer_limit_outward,validated_negative_half_crossing,0,0,0.59663933970436167,0.59663933970904004,0.59663933970436167,0.59663933970904004,0.82904308272238758,0.82904308272289717,0.11889172372037339,0.1188917237217412,-0.031359154636010626,-0.031359154634393274,-0.031359154636010626,-0.031359154634393274,0.9105180298722193,0.91051802987249908,-2.3916368938607162,-2.3916368938607122,-2.7555735471196385e-12,2.7491342535768126e-12,0.0015724168131589209,0.0015724168131593399,-2.1044364167943641e-16,2.1055206189668496e-16,2271,0,validated_negative_half_crossing: trajectory box reached the outer study limit; this is not an escape proof
64,31,r,0,0.80345523150331133,0.80345523150331233,0.84374999999999978,0.84375000000000022,1,0,1,0,1,validated_outer_limit_outward,validated_outer_limit_outward,1,-1,1.888917708520687,1.8889177085325388,1.888917708520687,1.8889177085325388,3.4583847468015603,3.4583847508276593,2.2497585822145205,2.2497586074404814,-5.1446634849962569,-5.1446634650109404,65.895228697902638,65.895228848041214,2.2360679770334984,2.2360679779660813,-2.3916368938607162,-2.3916368938607122,-1.46600817174658e-05,1.4660061083304754e-05,0.0015724168131589209,0.0015724168131593399,-2.1044364167943641e-16,2.1055206189668496e-16,2271,0,validated_outer_limit_outward: trajectory box reached the outer study limit; this is not an escape proof
64,32,r,0,0.80345523150331133,0.80345523150331233,0.89999999999999991,0.90000000000000013,1,0,1,0,1,validated_outer_limit_outward,validated_negative_half_crossing,0,0,0.51371024188774361,0.5137102418920978,0.51371024188774361,0.5137102418920978,0.82373209531770886,0.82373209531812053,0.10329154513778274,0.10329154513885185,-0.024123175356753172,-0.024123175355453216,-0.024123175356753172,-0.024123175355453216,0.90759687930143795,0.90759687930166466,-2.3916368938607162,-2.3916368938607122,-2.1862511800918583e-12,2.1813661987835076e-12,0.0015724168131589209,0.0015724168131593399,-2.1011838102769076e-16,2.1022680124493931e-16,2268,0,validated_negative_half_crossing: trajectory box reached the outer study limit; this is not an escape proof
64,32,r,0,0.80345523150331133,0.80345523150331233,0.89999999999999991,0.90000000000000013,1,0,1,0,1,validated_outer_limit_outward,validated_outer_limit_outward,1,-1,1.8878095815285669,1.8878095815398335,1.8878095815285669,1.8878095815398335,3.4581373974434801,3.4581374015702915,2.2512417835800278,2.2512418086758448,-5.1435247981077987,-5.1435247780465039,65.89942665117907,65.899426798686306,2.2360679770509115,2.2360679779486681,-2.3916368938607162,-2.3916368938607122,-1.4347462865771377e-05,1.4347448313856148e-05,0.0015724168131589209,0.0015724168131593399,-2.1011838102769076e-16,2.1022680124493931e-16,2268,0,validated_outer_limit_outward: trajectory box reached the outer study limit; this is not an escape proof
