0.78084140241303945,-0.035049225714281068
0.77987660121999813,-0.037843771477464545
0.77925086624154227,-0.039621818240887494
0.77875168036539799,-0.041018223763495044
0.77832528980689064,-0.042193633970045476
0.77794816920288867,-0.043218338753645079
0.77760755668353121,-0.044130431252234405
0.77729564574979659,-0.044953168602084197
0.77700728188005763,-0.045701858952619523
0.77673888153440118,-0.046387094165661426
0.77648786404839942,-0.047016448706709117
0.77625232778290576,-0.047595447782747359
0.77603085401131577,-0.048128153116681997
0.77582238267815551,-0.048617533421308583
0.77562613109309253,-0.049065706102458473
0.77544153964246254,-0.049474097780678371
0.77528514568409423,-0.050207425333550798
0.77514840224686299,-0.05050830753501119
0.77501820588913894,-0.050786468772788355
0.77489443131550895,-0.051042155331274632
0.77477700636120939,-0.051275442447124286
0.77466590895916487,-0.051486242513272149
0.77456116544032361,-0.051674309123875432
0.77446285001158377,-0.051839237410919038
0.77437108532493648,-0.051980460910355547
0.77428604410795354,-0.052097245020371837
0.7742079518764704,-0.052188676955266751
0.77413709079898274,-0.052253651943834287
0.77407380483560795,-0.052290855252300469
0.77401850633144031,-0.052298739427607231
0.77397168431480523,-0.052275495929657752
0.77393391483814333,-0.052219020040509913
0.77390587381051479,-0.052126867578947862
0.77388835291824265,-0.051996201474607352
0.77388227942733923,-0.051823725620783023
0.77353359744123662,-0.053491311065506544
0.77352145931085692,-0.053394103285469396
0.77351512350919782,-0.053275370279037802
0.77351499258042133,-0.053133669327177412
0.77352152166174204,-0.052967378671807917
0.77353522616261627,-0.052774671903062634
0.77355669095368507,-0.052553487405638123
0.77358658142162029,-0.052301491713195619
0.77362565684952411,-0.052016035290371
0.77367478672039092,-0.051694098821641936
0.77373497072916453,-0.051332227489024961
0.77380736354713386,-0.050926449901857053
0.77389330574211945,-0.050472177204209406
0.77399436276681077,-0.049964076279672205
0.77411237465898275,-0.049395908673048154
0.7742495201665156,-0.048760323494239095
0.77440840060582439,-0.048048587577918515
0.77459215119286107,-0.047250228594217236
0.77480459138341895,-0.046352554999018185
0.77360245018077245,-0.051228531420305756
0.7736987129393873,-0.050779321071826818
0.77380538230539053,-0.050293079100664981
0.77392353746920295,-0.049766154881426695
0.77405442082042997,-0.049194362364775868
0.77419947099166109,-0.048572873829196277
0.77436036462457414,-0.047896086005298377
0.7745390697689849,-0.047157449461980423
0.77473791502779998,-0.046349248417261769
0.77495968036739893,-0.045462312552930061
0.77520771829248736,-0.044485633844798762
0.77548611846732873,-0.043405847954236423
0.77579993598402197,-0.042206517920157366
0.77615551542368122,-0.040867121422498209
0.77656096367810512,-0.039361579540497807
0.77702686244037644,-0.037656049919367163
0.77756738412473503,-0.035705487286466206
0.77820212398270139,-0.033448026216323881
0.77895929059562452,-0.030795255005998841
0.77493189645522809,-0.045291368626297478
0.77515724051297907,-0.044428397959025014
0.77540323675933642,-0.043495395428897091
0.77567272337184046,-0.042483139780470767
0.77596912264093865,-0.041380559547966725
0.77629661047381449,-0.040174205479963775
0.77666035235497677,-0.038847518844080345
0.77706683993837877,-0.037379791751007883
0.77752438506178678,-0.035744647515181562
0.77804386966747408,-0.033907743914070844
0.77863993130654707,-0.031823159386448217
0.77933293289132666,-0.029427418837758301
0.78015244736362144,-0.026628982699203326
0.78114394755466499,-0.023288190107288192
0.78238316735456193,-0.019174495824235561
0.784012421934416,-0.013859174272598435
0.78636121009302407,-0.0063625074815923536
0.79068834772396202,0.0069860446525373343
0.77687456768595164,-0.037905007280413773
0.777242628779789,-0.03659844172498377
0.77764787932507229,-0.035170365996845351
0.77809701738165016,-0.033599691775917352
0.77859865417976359,-0.031859441643625017
0.77916412472069507,-0.02991429296440893
0.7798087862972336,-0.027716661048651354
0.78055421293725002,-0.025200111978131299
0.78143216532132398,-0.022267508989148026
0.78249244943485163,-0.018767685226800265
0.78382055535435646,-0.014443433085788521
0.78558555955739051,-0.0087913569575762823
0.78822268147628649,-0.00053304278858414542
0.79446233766404017,0.018155375787618458
0.77831531915644092,-0.03270197498505701
0.77876060915271039,-0.03117538264464673
0.77925227580712475,-0.029500315420111296
0.77979971038026463,-0.02764771870045209
0.78041542359681826,-0.025579087557281541
0.78111662909751789,-0.023241739686859709
0.78192800672038598,-0.020560605497581017
0.78288691858688553,-0.01742281167742759
0.78405436247977012,-0.01364549658763561
0.78554182116033977,-0.0088974453863513298
0.7875959122623819,-0.0024540127597979756
0.79105332322921673,0.0081053041298462421
0.77828648970870651,-0.03263801733571696
0.77866894486982741,-0.031338842975826876
0.7790832069277227,-0.029937819107214922
0.7795345703950709,-0.028418549646740579
0.78002973562634725,-0.026760373827299198
0.78057736227768437,-0.024936711143956344
0.78118893085121388,-0.022912494910103918
0.78188014859365029,-0.020640001492736093
0.7826733833257018,-0.018051662215516066
0.78360221129606933,-0.015046697061647274
0.7847208392214865,-0.011463572707415734
0.78612675382573249,-0.0070142022069601562
0.78802983954837891,-0.0010846191263781826
0.79109517922297956,0.0082439016974180882
0.77700003686513852,-0.036809460723181704
0.77726603691715057,-0.035905427138570305
0.77754619822426196,-0.034955351693561627
0.77784210999158454,-0.033954240337072131
0.77815562974916608,-0.032896273655099756
0.77848894718412387,-0.031774613417067533
0.77884466833402255,-0.030581148094632023
0.77922592855313944,-0.029306152363098699
0.77963654707400587,-0.027937822581707274
0.78008124326464978,-0.026461628834567177
0.78056594717277605,-0.024859387447367789
0.78109825928108367,-0.023107892513951206
0.78168815639461253,-0.021176822357295268
0.78234912440060977,-0.019025392860793269
0.78310007865944953,-0.016596707239173804
0.7839688566444396,-0.013807526057245339
0.78499919264719464,-0.010527939369535706
0.78626660649051971,-0.0065353166948478444
0.7879227445782554,-0.0013866273930468942
0.77512168150278127,-0.042882971268473451
0.77530546230627317,-0.042262628603640065
0.77549479297407398,-0.041623846233273358
0.77569009078837881,-0.040965285203458421
0.77589181768195903,-0.04028546652677522
0.77610048669400211,-0.039582751255821932
0.77631666963321044,-0.038855316874583885
0.77654100623016908,-0.038101129155808579
0.77677421514254974,-0.037317908387331691
0.77701710728330919,-0.036503088552156386
0.77727060209105014,-0.035653767600625053
0.77753574756083832,-0.034766646360325268
0.77781374513793811,-0.033837952781812723
0.7781059809740466,-0.032863347038312063
0.77841406561863058,-0.03183780129782067
0.77873988506018044,-0.030755445490954075
0.7790856672887978,-0.029609366684882808
0.77945407047656101,-0.028391343996122306
0.77984830189389098,-0.027091492082049168
0.77286857985938173,-0.050008945437197937
0.77301054209799802,-0.049539581527000505
0.77315471429594695,-0.049062704619559791
0.77330121519820749,-0.048577924502427587
0.77345017223434509,-0.048084823122058667
0.77360172234806335,-0.047582951970364301
0.7737560129265133,-0.047071829161170989
0.77391320284433962,-0.046550936150251916
0.77407346363937279,-0.046019714047162284
0.77423698084080228,-0.045477559454864168
0.77440395547373231,-0.044923819763730111
0.77457460576912673,-0.044357787811382346
0.7747491691136964,-0.0437786958023254
0.7749279042808721,-0.043185708362253411
0.77511109399354916,-0.04257791457181391
0.77529904787878878,-0.041954318797208075
0.77549210588929918,-0.04131383008966049
0.77569064228283235,-0.040655249877221175
0.77589507027243221,-0.039977257606504266
0.77003970814449263,-0.058736760213745923
0.77016593812244749,-0.058331132868598756
0.77029308241471517,-0.057922335739195398
0.77042117842233326,-0.057510242581407446
0.77055026556746054,-0.057094720509488835
0.77068038543199835,-0.056675629549209856
0.77081158190800392,-0.05625282215354252
0.77094390136091229,-0.055826142677687984
0.77107739280711363,-0.055395426808571631
0.77121210810720386,-0.054960500944720249
0.77134810217670857,-0.054521181520934672
0.77148543321617069,-0.054077274271571114
0.7716241629626327,-0.053628573426530809
0.77176435696511947,-0.053174860831400286
0.77190608488667711,-0.052715904984030233
0.77204942083626193,-0.052251459977191002
0.77219444373387247,-0.051781264336769016
0.77234123771310392,-0.051305039742533982
0.77248989256572143,-0.050822489617106302
